Workbook

Sheet 가이드
A1: Route-Fit 가게 조사 양식 (동구·동명동 중심)
A2: 구도심(동구)의 개별 가게·명소를 조사해 코스 추천 데이터로 쌓습니다. 동명동의 식당·카페를 가장 먼저, 그다음 충장로·ACC·금남로·대인시장 순으로 채우세요.
A4: 1. 시트 구성
A5: 가게정보 | B5: 가게 한 곳 = 한 줄. 2행은 안내이니 지우지 마세요. id(A열)는 고치지 마세요.
A6: 체크리스트 | B6: 광주다움·상권 연계성·체류 유도성의 수동 항목 8개를 O/X로 체크. 가게마다 팀원 2명 이상이 서로 보지 않고 각자 한 줄씩 씁니다.
A7: 작성 예시 | B7: 가상의 가게로 채운 예시. 형식만 참고하세요.
A8: 목록 | B8: 드롭다운과 태그 값 목록. 할 거리·분위기·시간·동행은 이 값만 쉼표로 적습니다.
A9: 2. 칸 색
A10: 진한 초록 머리글 (★) | B10: 필수. 비우면 시스템에 넣을 수 없습니다.
A11: 회청색 머리글 | B11: 선택. 아는 만큼만.
A12: 연한 파랑 머리글 [참고] | B12: 대표 메뉴·음식 종류·식사 시간대. 지금 시스템에는 저장 칸이 없지만, 식당 추천을 위해 미리 모아 둡니다.
A13: 회색 칸 | B13: 자동 또는 수정 금지.
A14: 3. 작성 규칙
A15: 추측하지 않기 | B15: 확인 못 한 값은 비워 두세요. 영업시간·가격은 출처(링크)와 조사일을 꼭 남깁니다.
A16: 시각 | B16: 24시간 HH:MM. 자정을 넘기면 25:00 (새벽 1시). 예: 11:00 / 25:00
A17: 휴무 요일 | B17: 월, 화, 수, 목, 금, 토, 일 중 쉼표로. 연중무휴면 비움.
A18: 1인 예상 지출 | B18: 메뉴 1개 + 음료 기준 대략의 값(원). 무료면 0.
A19: 한줄 소개 | B19: 개업 연도, 대표 메뉴 등 확인된 사실만. 홍보 문구·추측 금지.
A20: 위도·경도 | B20: 비워도 됩니다. 정확한 도로명 주소만 적어 주세요. 좌표는 장소 관리 화면에서 지도를 눌러 넣습니다.
A21: 4. 체크리스트
A22: O / X | B22: '맞다/아니다'를 사실로 확인합니다. 확인 방법은 체크리스트 시트 2행에 있습니다. 근거(링크·사진 파일명)를 적어 주세요.
A23: 자동 항목 | B23: 머무는 시간 60분 이상, 지출 0원 초과, 할 거리 2개 이상, 19시 이후 운영은 시스템이 계산하므로 적지 않습니다.
A24: 프랜차이즈 | B24: '프랜차이즈나 대기업 직영이 아니다'는 프랜차이즈가 아니면 O 입니다.
A26: 5. 진행 현황 (자동 계산)
A27: 항목 | B27: 현재 | C27: 목표 | D27: 비고
A28: 입력한 가게 수 | B28: =COUNTA(가게정보!$B$3:$B$122)
A29: 식당 | B29: =COUNTIF(가게정보!$C$3:$C$122,"식당") | C29: 20 | D29: 멘토링 메모: 동구 식당 20개 이상 (팀에서 확정)
A30: 카페·디저트 | B30: =COUNTIF(가게정보!$C$3:$C$122,"카페·디저트")
A31: 동구 가게 | B31: =COUNTIF(가게정보!$D$3:$D$122,"동구*")
A32: 동명동 가게 | B32: =COUNTIF(가게정보!$D$3:$D$122,"*동명동*") | D32: 동명동 중심 방향
A33: 체크리스트 작성 줄 수 | B33: =COUNTA(체크리스트!$C$3:$C$302) | C33: 10 | D33: 멘토링 메모: 체크리스트 10개 이상 (팀에서 확정, 가게×채점자 줄 수)
A35: 6. 다 채운 뒤
A36: 이 파일을 알려 주시면 데이터(JSON)로 바꿔 장소 관리 화면에서 확인할 수 있게 하고, 좌표와 태그를 점검합니다.

Sheet 가게정보
A1: id (수정 금지) | B1: ★가게 이름 | C1: ★유형 | D1: ★지역 | E1: ★도로명 주소 | F1: 위도 | G1: 경도 | H1: ★여는 시각 | I1: ★닫는 시각 | J1: 휴무 요일 | K1: ★머무는 시간(분) | L1: ★1인 예상 지출(원) | M1: 대표 메뉴·가격 [참고] | N1: 음식 종류 [참고] | O1: 식사 시간대 [참고] | P1: ★할 거리 | Q1: ★분위기 | R1: ★공간 | S1: 어울리는 시간 | T1: 어울리는 동행 | U1: 별칭 | V1: 한줄 소개 | W1: 조사자 | X1: 조사일 | Y1: 정보 출처 (링크·날짜) | Z1: 메모
A2: 자동 번호 | B2: 간판 이름 그대로 | C2: 목록에서 고르기 | D2: 예: 동구 동명동 | E2: 정확히. 좌표는 나중에 지도로 넣음 | F2: 몰라도 됨 | G2: 몰라도 됨 | H2: 24시간 HH:MM 예: 11:00 | I2: 자정 넘기면 25:00 | J2: 예: 월 / 월, 화 (연중무휴면 비움) | K2: 보통 머무는 시간 예: 60 | L2: 메뉴1+음료 기준. 무료는 0 | M2: 예: 된장찌개 9,000 / 제육 10,000 | N2: 식당·카페만 | O2: 점심/저녁 중 주로 가는 때 | P2: 목록 값을 쉼표로 예: 식사, 사진 | Q2: 목록 값을 쉼표로 | R2: 하나만 고르기 | S2: 쉼표로. 예: 저녁, 밤 | T2: 쉼표로. 예: 친구, 연인 | U2: 손님들이 부르는 다른 이름 (쉼표) | V2: 확인된 사실만 (개업 연도, 대표 메뉴 등). 홍보 문구·추측 금지 | W2: 이름 | X2: 예: 2026-10-20 | Y2: 영업시간·가격을 어디서 확인했는지
A3: store_001 | B3: 산수쌈밥 동명점 | C3: 식당 | D3: 동구 동명동 | E3: 광주광역시 동구 동계로 11 | H3: 10:30 | I3: 20:00 | J3: 일 | K3: 80 | L3: 9500 | M3: 우렁이 쌈밥 정식 10,000 / 혼밥정식 12,000 / 우렁이 비빔밥 9,000 | N3: 우렁이쌈밥,들깨탕 | P3: 식사 | Q3: 현대적 | R3: 실내 | S3: 오전, 오후, 저녁 | W3: Claude(웹 수집) | X3: 2026-10-21 | Y3: https://www.diningcode.com/profile.php?rid=6bbCBHAtq9Ml | Z3: 초안(웹 수집). 현장 미확인 / 추정 칸: 머무는 시간·1인 지출·태그·지역 / 라스트오더 19:30
A4: store_002 | B4: 동명사랑채 | C4: 식당 | D4: 동구 동명동 | E4: 광주광역시 동구 동계로9번길 2 | H4: 11:00 | I4: 22:00 | J4: 일 | K4: 80 | L4: 10500 | M4: 우렁강된장쌈밥 11,000 / 애호박찌개 10,000 | N4: 쌈밥,우렁 | P4: 식사 | Q4: 현대적 | R4: 실내 | S4: 오전, 오후, 저녁 | V4: 무료주차 | W4: Claude(웹 수집) | X4: 2026-10-21 | Y4: https://www.diningcode.com/profile.php?rid=ZzJVqaMYHG3M | Z4: 초안(웹 수집). 현장 미확인 / 추정 칸: 머무는 시간·1인 지출·태그·지역
A5: store_003 | B5: 이층집백반 | C5: 식당 | D5: 동구 동명동 | E5: 광주광역시 동구 백서로 153 2층 | H5: 11:30 | I5: 13:30 | J5: 토,일 | K5: 40 | L5: 9000 | M5: 점심 백반뷔페 9,000 | N5: 한식,백반 | P5: 식사 | Q5: 서민적 | R5: 실내 | S5: 오전, 오후 | V5: 점심 가정식 백반뷔페 | W5: Claude(웹 수집) | X5: 2026-10-21 | Y5: https://www.diningcode.com/profile.php?rid=UdTmtvrvt28Z | Z5: 초안(웹 수집). 현장 미확인 / 추정 칸: 머무는 시간·1인 지출·태그·지역 / 라스트오더 13:00
A6: store_004 | B6: 송경솥밥 | C6: 식당 | D6: 동구 동명동 | E6: 광주광역시 동구 동명로14번길 19-8 2층 | H6: 11:00 | I6: 21:00 | K6: 60 | L6: 15000 | M6: LA갈비솥밥 24,000 / 트러플 차돌버섯솥밥 14,000 / 냉이 돼지스테이크 솥밥 16,000 | N6: 한식,솥밥 | P6: 식사 | Q6: 현대적 | R6: 실내 | S6: 오전, 오후, 저녁 | W6: Claude(웹 수집) | X6: 2026-10-21 | Y6: https://www.diningcode.com/profile.php?rid=AzsEpSGMQzjq | Z6: 초안(웹 수집). 현장 미확인 / 추정 칸: 머무는 시간·1인 지출·태그·지역
A7: store_005 | B7: 올데이우동 동명점 | C7: 식당 | D7: 동구 동명동 | E7: 광주광역시 동구 동계천로 151-31 1층 | H7: 11:30 | I7: 20:30 | K7: 40 | L7: 12000 | M7: 붓가케 우동 9,000 / 우동돈까스 세트 15,000 | N7: 우동 | P7: 식사 | Q7: 현대적 | R7: 실내 | S7: 오전, 오후, 저녁 | V7: 자가제면 언급 | W7: Claude(웹 수집) | X7: 2026-10-21 | Y7: https://www.diningcode.com/profile.php?rid=JIpsbDuKo6Ox | Z7: 초안(웹 수집). 현장 미확인 / 추정 칸: 머무는 시간·1인 지출·태그·지역 / 라스트오더 20:00
A8: store_006 | B8: 첨단공원국밥 동명직영점 | C8: 식당 | D8: 동구 동명동 | E8: 광주광역시 동구 제봉로110번길 7 1층 | H8: 00:00 | I8: 24:00 | K8: 40 | L8: 22000 | M8: 풍성한 모듬국밥 11,000 / 막창 전골 33,000 | N8: 국밥,막창볶음 | P8: 식사 | Q8: 서민적 | R8: 실내 | S8: 오전, 오후, 저녁, 밤 | V8: 24시간 영업 | W8: Claude(웹 수집) | X8: 2026-10-21 | Y8: https://www.diningcode.com/profile.php?rid=Y1kAcu0837Ua | Z8: 초안(웹 수집). 현장 미확인 / 추정 칸: 머무는 시간·1인 지출·태그·지역
A9: store_007 | B9: 왕산식당 본점 | C9: 식당 | D9: 동구 동명동 | E9: 광주광역시 동구 동명로14번길 6-1 | H9: 11:30 | I9: 22:00 | K9: 60 | L9: 12000 | M9: 동파육덮밥 17,000 / 수란간짜장 12,000 / 소고기짬뽕 12,000 | N9: 중식 | P9: 식사 | Q9: 감성적 | R9: 실내 | S9: 오전, 오후, 저녁 | V9: 주택 개조 중식당 | W9: Claude(웹 수집) | X9: 2026-10-21 | Y9: https://www.diningcode.com/profile.php?rid=C7RCEVbvt0ao | Z9: 초안(웹 수집). 현장 미확인 / 추정 칸: 머무는 시간·1인 지출·태그·지역 / 브레이크타임 15:00-17:00 / 라스트오더 20:30
A10: store_008 | B10: 포카포카 | C10: 식당 | D10: 동구 동명동 | E10: 광주광역시 동구 동명로25번길 11 1층 | H10: 11:30 | I10: 21:00 | K10: 60 | L10: 16000 | M10: 아부리사케동 정식 16,000 / 함바그하이라이스 16,500 | N10: 일본가정식,돈카츠 | P10: 식사 | Q10: 현대적 | R10: 실내 | S10: 오전, 오후, 저녁 | V10: 주차불가 표기 | W10: Claude(웹 수집) | X10: 2026-10-21 | Y10: https://www.diningcode.com/profile.php?rid=taZBC197m0fj | Z10: 초안(웹 수집). 현장 미확인 / 추정 칸: 머무는 시간·1인 지출·태그·지역 / 브레이크타임 15:30-17:00 / 라스트오더 15:00,20:30 / 휴무 확인 필요(노동절·설·추석 당일)
A11: store_009 | B11: 카에돈 | C11: 식당 | D11: 동구 동명동 | E11: 광주광역시 동구 동계천로 143-26 101호 | H11: 11:30 | I11: 21:00 | K11: 60 | L11: 16500 | M11: 규카츠 18,000 / 상로스카츠 16,000 / 모듬카츠 17,000 | N11: 카츠 | P11: 식사 | Q11: 현대적 | R11: 실내 | S11: 오전, 오후, 저녁 | W11: Claude(웹 수집) | X11: 2026-10-21 | Y11: https://www.diningcode.com/profile.php?rid=LnwIGem0cX0w | Z11: 초안(웹 수집). 현장 미확인 / 추정 칸: 머무는 시간·1인 지출·태그·지역 / 브레이크타임 15:00-17:00 / 라스트오더 20:00 / 휴무 확인 필요(요일 미표시)
A12: store_010 | B12: 미노라멘 | C12: 식당 | D12: 동구 동명동 | E12: 광주광역시 동구 동계로10번길 14 1층 | H12: 11:30 | I12: 20:30 | K12: 40 | L12: 8000 | M12: 늘먹던걸로 11,000 / 챠-항 5,000 | N12: 라멘 | P12: 식사 | Q12: 현대적 | R12: 실내 | S12: 오전, 오후, 저녁 | W12: Claude(웹 수집) | X12: 2026-10-21 | Y12: https://www.diningcode.com/profile.php?rid=CNRXlAEZ9w0r | Z12: 초안(웹 수집). 현장 미확인 / 추정 칸: 머무는 시간·1인 지출·태그·지역 / 브레이크타임 15:00-17:00 / 라스트오더 14:30,20:00
A13: store_011 | B13: 토메이 스시 | C13: 식당 | D13: 동구 동명동 | E13: 광주광역시 동구 동계천로 155 | H13: 11:30 | I13: 22:00 | J13: 일 | K13: 60 | L13: 18000 | M13: 모듬사시미 32,000 / 토메이특초밥 20,000 / 연어불초밥 16,000 | N13: 초밥 | P13: 식사 | Q13: 현대적 | R13: 실내 | S13: 오전, 오후, 저녁 | W13: Claude(웹 수집) | X13: 2026-10-21 | Y13: https://www.diningcode.com/profile.php?rid=J8l2LgZyc1jl | Z13: 초안(웹 수집). 현장 미확인 / 추정 칸: 머무는 시간·1인 지출·태그·지역 / 브레이크타임 15:00-17:00 / 라스트오더 21:00
A14: store_012 | B14: 저스트텐동 동리단길점 | C14: 식당 | D14: 동구 동명동 | E14: 광주광역시 동구 장동로 23-22 1층 | H14: 11:30 | I14: 21:00 | K14: 40 | L14: 15000 | M14: 스페셜텐동 17,900 / 저스트텐동 11,900 | N14: 텐동 | P14: 식사 | Q14: 현대적 | R14: 실내 | S14: 오전, 오후, 저녁 | V14: 무료주차 표기 | W14: Claude(웹 수집) | X14: 2026-10-21 | Y14: https://www.diningcode.com/profile.php?rid=ogFxmCC5QVvN | Z14: 초안(웹 수집). 현장 미확인 / 추정 칸: 머무는 시간·1인 지출·태그·지역 / 브레이크타임 15:00-17:00 / 라스트오더 14:30,20:30 / 휴무 확인 필요(확인필요(블로그 월요일 언급))
A15: store_013 | B15: 백식 | C15: 식당 | D15: 동구 동명동 | E15: 광주광역시 동구 동명로20번길 17-6 | H15: 10:50 | I15: 21:00 | K15: 60 | L15: 24500 | M15: 백식 사시미 정식 23,000 / 특선 사시미 정식 29,000 / 장어 덮밥 정식 26,000 | N15: 일식 | P15: 식사 | Q15: 현대적 | R15: 실내 | S15: 오전, 오후, 저녁 | V15: 예약가능 | W15: Claude(웹 수집) | X15: 2026-10-21 | Y15: https://www.diningcode.com/profile.php?rid=KAFfsG2dyxU9 | Z15: 초안(웹 수집). 현장 미확인 / 추정 칸: 머무는 시간·1인 지출·태그·지역 / 라스트오더 20:00
A16: store_014 | B16: 카키노키 | C16: 식당 | D16: 동구 동명동 | E16: 광주광역시 동구 장동로 23-57 1층 | H16: 11:30 | I16: 21:00 | K16: 60 | L16: 14500 | M16: 숯불부타동 정식 13,000 / 모듬카츠동 정식 16,000 / 들기름 막국수 정식 16,000 | N16: 일본가정식 | P16: 식사 | Q16: 현대적 | R16: 실내 | S16: 오전, 오후, 저녁 | W16: Claude(웹 수집) | X16: 2026-10-21 | Y16: https://www.diningcode.com/profile.php?rid=m0tTLUydeeLd | Z16: 초안(웹 수집). 현장 미확인 / 추정 칸: 머무는 시간·1인 지출·태그·지역 / 라스트오더 20:30
A17: store_015 | B17: 뽁식당 동명동점 | C17: 식당 | D17: 동구 동명동 | E17: 광주광역시 동구 동계천로 126-5 1층 | H17: 11:30 | I17: 21:00 | K17: 60 | L17: 9500 | M17: 뽁식당 혼밥세트 10,400 / 피자 세트 33,700 / 오감베로 파스타 8,900 | N17: 파스타,양식 | P17: 식사 | Q17: 현대적 | R17: 실내 | S17: 오전, 오후, 저녁 | V17: 무료주차 | W17: Claude(웹 수집) | X17: 2026-10-21 | Y17: https://www.diningcode.com/profile.php?rid=ot4UCmT6Tq0n | Z17: 초안(웹 수집). 현장 미확인 / 추정 칸: 머무는 시간·1인 지출·태그·지역 / 브레이크타임 15:00-17:00 / 라스트오더 20:10
A18: store_016 | B18: 라그로쏘 | C18: 식당 | D18: 동구 충장로 | E18: 광주광역시 동구 중앙로252번길 11 1,2층 | H18: 11:30 | I18: 22:00 | J18: 화,수 | K18: 60 | L18: 16500 | M18: 마르게리타 D.O.P 15,000 / 비스큐 스파게티니 18,000 | N18: 피자,파스타 | P18: 식사 | Q18: 현대적 | R18: 실내 | S18: 오전, 오후, 저녁 | V18: 화덕 피자 | W18: Claude(웹 수집) | X18: 2026-10-21 | Y18: https://www.diningcode.com/profile.php?rid=ANZzYl13xxDq | Z18: 초안(웹 수집). 현장 미확인 / 추정 칸: 머무는 시간·1인 지출·태그·지역 / 영업시간 참고: 블로그 기준 / 브레이크타임 15:30-17:00(블로그) / 라스트오더 14:30,21:00 / 휴무 근거: 블로그
A19: store_017 | B19: 900달러 | C19: 식당 | D19: 동구 동명동 | E19: 광주광역시 동구 동계천로 103-2 | H19: 11:30 | I19: 23:00 | K19: 60 | L19: 23500 | M19: 하프/하프 피자 24,500 / 고구마피자 24,000 / 페퍼로니피자 23,000 | N19: 피자 | P19: 식사 | Q19: 현대적 | R19: 실내 | S19: 오전, 오후, 저녁, 밤 | V19: 전용주차장 없음 | W19: Claude(웹 수집) | X19: 2026-10-21 | Y19: https://www.diningcode.com/profile.php?rid=WINBF2d9a4jP | Z19: 초안(웹 수집). 현장 미확인 / 추정 칸: 머무는 시간·1인 지출·태그·지역 / 라스트오더 22:00 / 휴무 확인 필요(확인필요(블로그 수요일))
A20: store_018 | B20: 르 자민 | C20: 식당 | D20: 동구 동명동 | E20: 광주광역시 동구 장동로 13 2층 | H20: 11:30 | I20: 21:30 | K20: 80 | L20: 50500 | M20: 티본 스테이크 79,000 / 부채 스테이크 36,000 / 본인뉴욕 스테이크 65,000 | N20: 스테이크 | P20: 식사 | Q20: 현대적 | R20: 실내 | S20: 오전, 오후, 저녁 | V20: 예약가능,무료주차 | W20: Claude(웹 수집) | X20: 2026-10-21 | Y20: https://www.diningcode.com/profile.php?rid=bmNBhUBYABLx | Z20: 초안(웹 수집). 현장 미확인 / 추정 칸: 머무는 시간·1인 지출·태그·지역 / 브레이크타임 15:00-17:00 / 라스트오더 20:30
A21: store_019 | B21: 사보타지 | C21: 식당 | D21: 동구 동명동 | E21: 광주광역시 동구 동계천로95번길 12 | H21: 09:00 | I21: 15:00 | K21: 60 | L21: 13000 | M21: 팬케이크 플레이트 12,900 / 와플 플레이트 12,900 | N21: 브런치 | P21: 식사 | Q21: 현대적 | R21: 실내 | S21: 오전, 오후 | V21: 미국 가정식 콘셉트 | W21: Claude(웹 수집) | X21: 2026-10-21 | Y21: https://www.diningcode.com/profile.php?rid=yvEk745bQ5uI | Z21: 초안(웹 수집). 현장 미확인 / 추정 칸: 머무는 시간·1인 지출·태그·지역 / 영업시간 참고: 평일 기준. 주말 09:00-16:00 / 라스트오더 평일14:30 주말15:30
A22: store_020 | B22: 미미원 | C22: 식당 | D22: 동구 동명동 | E22: 광주 동구 백서로 218 | H22: 11:30 | I22: 21:30 | K22: 60 | L22: 16500 | M22: 육전 29,000 / 낙지전 28,000 / 키조개전 27,000 / 매생이떡국 6,000 | N22: 육전 | P22: 식사 | Q22: 현대적 | R22: 실내 | S22: 오전, 오후, 저녁 | V22: 재료소진시 조기마감 | W22: Claude(웹 수집) | X22: 2026-10-21 | Y22: https://forourtour.com/%EB%8F%99%EB%AA%85%EB%8F%99-%EB%A7%9B%EC%A7%91/ | Z22: 초안(웹 수집). 현장 미확인 / 추정 칸: 머무는 시간·1인 지출·태그·지역 / 브레이크타임 15:00-17:00 / 라스트오더 14:00
A23: store_021 | B23: 규슈 | C23: 식당 | D23: 동구 동명동 | E23: 광주 동구 동명로 47-3 | H23: 11:30 | I23: 21:00 | K23: 80 | L23: 5000 | M23: 샤브 2인 세트(호주산) 29,800 / 유부주머니 5,000 | N23: 샤브샤브 | P23: 식사 | Q23: 현대적 | R23: 실내 | S23: 오전, 오후, 저녁 | V23: 하루 100인분 한정 | W23: Claude(웹 수집) | X23: 2026-10-21 | Y23: https://forourtour.com/%EB%8F%99%EB%AA%85%EB%8F%99-%EB%A7%9B%EC%A7%91/ | Z23: 초안(웹 수집). 현장 미확인 / 추정 칸: 머무는 시간·1인 지출·태그·지역
A24: store_022 | B24: 목하식당 | C24: 식당 | D24: 동구 동명동 | E24: 광주 동구 동명로25번길 6 1층 | H24: 11:30 | I24: 21:00 | K24: 60 | L24: 9000 | M24: 오리지널 오믈렛 10,500 / 새우 로제 파스타 15,000 / 가츠 산도 7,000 | N24: 일식(오믈렛,파스타) | P24: 식사 | Q24: 현대적 | R24: 실내 | S24: 오전, 오후, 저녁 | W24: Claude(웹 수집) | X24: 2026-10-21 | Y24: https://forourtour.com/%EB%8F%99%EB%AA%85%EB%8F%99-%EB%A7%9B%EC%A7%91/ | Z24: 초안(웹 수집). 현장 미확인 / 추정 칸: 머무는 시간·1인 지출·태그·지역 / 브레이크타임 15:10-17:00 / 라스트오더 14:30,20:00
A25: store_023 | B25: 틸트틸트 | C25: 식당 | D25: 동구 동명동 | E25: 광주 동구 동계로15번길 22 1층 | H25: 11:30 | I25: 21:00 | K25: 60 | L25: 19500 | M25: 우니&단새우 파스타 22,000 / 땡초 크림 트러플 리가토니 17,000 | N25: 양식 브런치 | P25: 식사 | Q25: 현대적 | R25: 실내 | S25: 오전, 오후, 저녁 | W25: Claude(웹 수집) | X25: 2026-10-21 | Y25: https://forourtour.com/%EB%8F%99%EB%AA%85%EB%8F%99-%EB%A7%9B%EC%A7%91/ | Z25: 초안(웹 수집). 현장 미확인 / 추정 칸: 머무는 시간·1인 지출·태그·지역 / 브레이크타임 16:00-17:00 / 라스트오더 20:30
A26: store_024 | B26: 정희 | C26: 식당 | D26: 동구 동명동 | E26: 광주 동구 동명로20번길 20 1층 | H26: 11:30 | I26: 21:00 | K26: 60 | L26: 12000 | M26: 고사리 크림 수제비 12,900 / 한우 지짐밥 13,900 / 강된장케일쌈밥 10,900 | N26: 퓨전 한식 | P26: 식사 | Q26: 현대적 | R26: 실내 | S26: 오전, 오후, 저녁 | W26: Claude(웹 수집) | X26: 2026-10-21 | Y26: https://forourtour.com/%EB%8F%99%EB%AA%85%EB%8F%99-%EB%A7%9B%EC%A7%91/ | Z26: 초안(웹 수집). 현장 미확인 / 추정 칸: 머무는 시간·1인 지출·태그·지역 / 브레이크타임 15:00-17:00 / 라스트오더 20:30
A27: store_025 | B27: 한식경 | C27: 식당 | D27: 동구 동명동 | E27: 광주 동구 동명로25번길 6-1 | H27: 11:30 | I27: 21:00 | K27: 60 | L27: 16000 | M27: 아롱사태 크림리조또 17,000 / 곰탕 크림 파스타 15,000 | N27: 퓨전 양식 | P27: 식사 | Q27: 감성적 | R27: 실내 | S27: 오전, 오후, 저녁 | V27: 한옥 레스토랑 분위기 | W27: Claude(웹 수집) | X27: 2026-10-21 | Y27: https://forourtour.com/%EB%8F%99%EB%AA%85%EB%8F%99-%EB%A7%9B%EC%A7%91/ | Z27: 초안(웹 수집). 현장 미확인 / 추정 칸: 머무는 시간·1인 지출·태그·지역 / 브레이크타임 15:30-17:00 / 라스트오더 20:15
A28: store_026 | B28: 소바 쿄다이 | C28: 식당 | D28: 동구 동명동 | E28: 광주 동구 동계천로 135-3 | H28: 11:30 | I28: 21:00 | K28: 60 | L28: 11000 | M28: 쿄다이 마제소바 10,500 / 키마 카레소바 11,000 / 훈제고등어 냉소바 12,000 | N28: 마제소바 | P28: 식사 | Q28: 현대적 | R28: 실내 | S28: 오전, 오후, 저녁 | W28: Claude(웹 수집) | X28: 2026-10-21 | Y28: https://forourtour.com/%EB%8F%99%EB%AA%85%EB%8F%99-%EB%A7%9B%EC%A7%91/ | Z28: 초안(웹 수집). 현장 미확인 / 추정 칸: 머무는 시간·1인 지출·태그·지역 / 라스트오더 20:45
A29: store_027 | B29: 퀴비 | C29: 식당 | D29: 동구 동명동 | E29: 광주 동구 동명로20번길 1 | H29: 12:00 | I29: 21:00 | K29: 60 | L29: 17500 | M29: 바질 오일 파스타 18,000 / 로제 파스타 17,000 / 뇨끼 18,000 | N29: 이탈리안 | P29: 식사 | Q29: 현대적 | R29: 실내 | S29: 오후, 저녁 | V29: 화덕 피자 | W29: Claude(웹 수집) | X29: 2026-10-21 | Y29: https://forourtour.com/%EB%8F%99%EB%AA%85%EB%8F%99-%EB%A7%9B%EC%A7%91/ | Z29: 초안(웹 수집). 현장 미확인 / 추정 칸: 머무는 시간·1인 지출·태그·지역 / 브레이크타임 15:00-17:00 / 라스트오더 14:00,20:00
A30: store_028 | B30: 게더링 | C30: 식당 | D30: 동구 동명동 | E30: 광주 동구 동계천로 168 | H30: 11:00 | I30: 21:00 | J30: 월 | K30: 60 | L30: 14500 | M30: 씨푸드 찰리 17,000 / 스테이크 묵은지 오일 파스타 19,000 / 크로아상 에그 베네딕트 12,000 | N30: 브런치,파스타,피자 | P30: 식사 | Q30: 감성적 | R30: 실내외 | S30: 오전, 오후, 저녁 | V30: 40년 이상 된 주택 개조, 정원 | W30: Claude(웹 수집) | X30: 2026-10-21 | Y30: https://forourtour.com/%EB%8F%99%EB%AA%85%EB%8F%99-%EB%A7%9B%EC%A7%91/ | Z30: 초안(웹 수집). 현장 미확인 / 추정 칸: 머무는 시간·1인 지출·태그·지역 / 브레이크타임 15:00-17:00
A31: store_029 | B31: 분식집 | C31: 식당 | D31: 동구 동명동 | E31: 광주 동구 동계천로 143-5 1층 | H31: 11:30 | I31: 20:30 | K31: 40 | L31: 7500 | M31: 파튀김 떡볶이 6,500 / 상추튀김 8,500 / 마늘 탕수육 9,700 | N31: 분식 | P31: 식사 | Q31: 서민적 | R31: 실내 | S31: 오전, 오후, 저녁 | V31: 시즌별 신메뉴 | W31: Claude(웹 수집) | X31: 2026-10-21 | Y31: https://forourtour.com/%EB%8F%99%EB%AA%85%EB%8F%99-%EB%A7%9B%EC%A7%91/ | Z31: 초안(웹 수집). 현장 미확인 / 추정 칸: 머무는 시간·1인 지출·태그·지역 / 브레이크타임 15:00-17:00 / 라스트오더 14:30
A32: store_030 | B32: 채미원 | C32: 식당 | D32: 동구 동명동 | E32: 광주 동구 동계천로 167-7 1층 | H32: 11:30 | I32: 22:00 | J32: 일 | K32: 60 | M32: 주물럭 쌈밥·병어갈치조림·굴비구이(가격 없음) | N32: 한식 정식 | P32: 식사 | Q32: 현대적 | R32: 실내 | S32: 오전, 오후, 저녁 | V32: 화학조미료 없이 | W32: Claude(웹 수집) | X32: 2026-10-21 | Y32: https://v.daum.net/v/zCXt4I5rbs | Z32: 초안(웹 수집). 현장 미확인 / 추정 칸: 머무는 시간·1인 지출·태그·지역 / 브레이크타임 14:30-17:00 / 지출 추정 불가(메뉴 가격 없음) - 직접 입력
A33: store_031 | B33: 장독대 | C33: 식당 | D33: 동구 광산동 | E33: 광주 동구 문화전당로 43 3층 | H33: 11:00 | I33: 21:00 | K33: 80 | M33: 쌈밥 정식 등(가격 없음) | N33: 남도쌈밥 한식 | P33: 식사 | Q33: 현대적 | R33: 실내 | S33: 오전, 오후, 저녁 | V33: 반찬 셀프바 | W33: Claude(웹 수집) | X33: 2026-10-21 | Y33: https://v.daum.net/v/zCXt4I5rbs | Z33: 초안(웹 수집). 현장 미확인 / 추정 칸: 머무는 시간·1인 지출·태그·지역 / 지출 추정 불가(메뉴 가격 없음) - 직접 입력
A34: store_032 | B34: 가족회관 | C34: 식당 | D34: 동구 동명동 | E34: 광주 동구 동명로 50 | K34: 80 | M34: 한정식(가격 없음) | N34: 한정식 | P34: 식사 | Q34: 현대적 | R34: 실내 | V34: 개업 36년 전통 문구. 룸·단체석 | W34: Claude(웹 수집) | X34: 2026-10-21 | Y34: https://v.daum.net/v/zCXt4I5rbs | Z34: 초안(웹 수집). 현장 미확인 / 추정 칸: 머무는 시간·1인 지출·태그·지역 / 영업시간 참고: 페이지 표기가 불명확('12~12시', 오타로 보임). 12시 시작 / 브레이크타임 15:00-18:00 / 지출 추정 불가(메뉴 가격 없음) - 직접 입력
A35: store_033 | B35: 커볶(커피볶는집) | C35: 카페·디저트 | D35: 동구 산수동 | E35: 광주 동구 지호로 161-7 | H35: 11:00 | I35: 22:00 | K35: 60 | M35: 무등산 구름 커피 등(가격 없음) | N35: 카페 | P35: 카페·디저트 | Q35: 현대적 | R35: 실내 | S35: 오전, 오후, 저녁 | V35: 개업 2006. 주말 A-ZONE 3인 이상·사전예약 | W35: Claude(웹 수집) | X35: 2026-10-21 | Y35: https://v.daum.net/v/zCXt4I5rbs | Z35: 초안(웹 수집). 현장 미확인 / 추정 칸: 머무는 시간·1인 지출·태그·지역 / 지출 추정 불가(메뉴 가격 없음) - 직접 입력
A36: store_034 | B36: 육층집 | C36: 식당 | D36: 동구 광산동 | E36: 광주광역시 동구 문화전당로35번길 16-4 오렌지타운 6층 | H36: 17:00 | I36: 24:30 | K36: 80 | L36: 10500 | M36: 숙성생삼겹살200g 17,000 / 숙성생목살200g 17,000 / 벌집껍데기 4,000 | N36: 삼겹살 | P36: 식사 | Q36: 현대적 | R36: 실내 | S36: 오후, 저녁, 밤 | V36: 초벌되어 나옴 | W36: Claude(웹 수집) | X36: 2026-10-21 | Y36: https://www.diningcode.com/profile.php?rid=PFkPFKCeK6C0 | Z36: 초안(웹 수집). 현장 미확인 / 추정 칸: 머무는 시간·1인 지출·태그·지역 / 영업시간 참고: 요일별로 다름 / 라스트오더 23:30-00:00
A37: store_035 | B37: 구수숯불갈비 | C37: 식당 | D37: 동구 동명동 | E37: 광주광역시 동구 필문대로191번길 15-10 | H37: 11:00 | I37: 22:00 | K37: 80 | L37: 18000 | M37: 생소갈비220g 49,000 / 돼지갈비230g 18,000 / 삼겹살150g 18,000 | N37: 돼지갈비 | P37: 식사 | Q37: 현대적 | R37: 실내 | S37: 오전, 오후, 저녁 | V37: 무료주차,룸식 | W37: Claude(웹 수집) | X37: 2026-10-21 | Y37: https://www.diningcode.com/profile.php?rid=fxpHPLxNfiSF | Z37: 초안(웹 수집). 현장 미확인 / 추정 칸: 머무는 시간·1인 지출·태그·지역 / 브레이크타임 15:00-16:30 / 라스트오더 20:40 / 휴무 확인 필요(매달 1,3째 화요일)
A38: store_036 | B38: 이씨네 푸줏간 본점 | C38: 식당 | D38: 동구 동명동 | E38: 광주광역시 동구 동명로 48 | H38: 16:30 | I38: 23:00 | K38: 80 | L38: 16500 | M38: 한근세트 59,000 / 생갈비 18,000 / 통오겹살 15,000 | N38: 고깃집 | P38: 식사 | Q38: 현대적 | R38: 실내 | S38: 오후, 저녁, 밤 | W38: Claude(웹 수집) | X38: 2026-10-21 | Y38: https://www.diningcode.com/profile.php?rid=YLyYPMFqKe5R | Z38: 초안(웹 수집). 현장 미확인 / 추정 칸: 머무는 시간·1인 지출·태그·지역 / 라스트오더 22:00
A39: store_037 | B39: 후동이 소금구이 | C39: 식당 | D39: 동구 동명동 | E39: 광주광역시 동구 동명로 15 1층 | H39: 17:00 | I39: 24:50 | K39: 80 | L39: 9500 | M39: 소금구이180g 11,900 / 생삼겹살180g 12,900 / 김치찌개 7,000 | N39: 고깃집 | P39: 식사 | Q39: 현대적 | R39: 실내 | S39: 오후, 저녁, 밤 | V39: 직원이 구워줌 | W39: Claude(웹 수집) | X39: 2026-10-21 | Y39: https://www.diningcode.com/profile.php?rid=ICZnPzYLPBSI | Z39: 초안(웹 수집). 현장 미확인 / 추정 칸: 머무는 시간·1인 지출·태그·지역 / 영업시간 참고: 금·토 02:50, 일 23:50까지 / 휴무 확인 필요(매달 1,3째 일요일(블로그))
A40: store_038 | B40: 미분당 광주동명점 | C40: 식당 | D40: 동구 동명동 | E40: 광주광역시 동구 제봉로110번길 3 1층 | H40: 11:00 | I40: 21:00 | K40: 40 | L40: 11000 | M40: 차돌박이 쌀국수 10,000 / 양지 쌀국수 11,500 / 차돌양지 쌀국수 12,500 | N40: 쌀국수 | P40: 식사 | Q40: 현대적 | R40: 실내 | S40: 오전, 오후, 저녁 | V40: 혼밥,무료주차 | W40: Claude(웹 수집) | X40: 2026-10-21 | Y40: https://www.diningcode.com/profile.php?rid=JuqmKm3Nl8or | Z40: 초안(웹 수집). 현장 미확인 / 추정 칸: 머무는 시간·1인 지출·태그·지역 / 브레이크타임 15:00-17:00 / 라스트오더 14:30,20:30
A41: store_039 | B41: 나나방콕 광주동명점 | C41: 식당 | D41: 동구 동명동 | E41: 광주광역시 동구 동계천로 161 1층 | H41: 11:00 | I41: 21:00 | K41: 40 | L41: 13000 | M41: 아롱사태 쌀국수 13,900 / 우삼겹양지 쌀국수 12,500 / 쉬림프팟타이 15,900 | N41: 태국음식,쌀국수 | P41: 식사 | Q41: 현대적 | R41: 실내 | S41: 오전, 오후, 저녁 | W41: Claude(웹 수집) | X41: 2026-10-21 | Y41: https://www.diningcode.com/profile.php?rid=B8NB1fndDq35 | Z41: 초안(웹 수집). 현장 미확인 / 추정 칸: 머무는 시간·1인 지출·태그·지역 / 라스트오더 20:30
A42: store_040 | B42: 유키 | C42: 야간 콘텐츠 | D42: 동구 동명동 | E42: 광주광역시 동구 장동로 27 1층 | H42: 18:00 | I42: 27:00 | K42: 90 | L42: 25000 | M42: 소고기 버섯 스끼야끼 21,900 / 육회 칼빔면 27,900 | N42: 이자카야 | P42: 술, 식사 | Q42: 활기찬 | R42: 실내외 | S42: 저녁, 밤 | V42: 야외테라스 | W42: Claude(웹 수집) | X42: 2026-10-21 | Y42: https://www.diningcode.com/profile.php?rid=9ypqNdpPwzr8 | Z42: 초안(웹 수집). 현장 미확인 / 추정 칸: 머무는 시간·1인 지출·태그·지역 / 영업시간 참고: 금·토는 04:00까지
A43: store_041 | B43: 맷도리 | C43: 야간 콘텐츠 | D43: 동구 동명동 | E43: 광주광역시 동구 동명로 18 1층 | H43: 18:00 | I43: 27:00 | K43: 90 | L43: 11000 | M43: 오늘의모듬 15,000 / 명란통감자 12,000 / 계란말이 10,000 | N43: 이자카야 | P43: 술, 식사 | Q43: 활기찬 | R43: 실내 | S43: 저녁, 밤 | V43: 다찌석 | W43: Claude(웹 수집) | X43: 2026-10-21 | Y43: https://www.diningcode.com/profile.php?rid=dZRKxzzGKtTA | Z43: 초안(웹 수집). 현장 미확인 / 추정 칸: 머무는 시간·1인 지출·태그·지역 / 영업시간 참고: 일-목 기준(03:00까지). 금·토 06:00까지 / 라스트오더 일-목01:30 금토04:30
A44: store_042 | B44: 동명로15 | C44: 야간 콘텐츠 | D44: 동구 동명동 | E44: 광주광역시 동구 동명로 15 | H44: 17:00 | I44: 26:00 | J44: 화 | K44: 90 | L44: 14000 | M44: 베스트 꼬치 세트 15,500 / 수제 오코노미야끼 12,000 | N44: 이자카야,꼬치구이 | P44: 술, 식사 | Q44: 활기찬 | R44: 실내 | S44: 오후, 저녁, 밤 | V44: 노미호다이 90분 | W44: Claude(웹 수집) | X44: 2026-10-21 | Y44: https://www.diningcode.com/profile.php?rid=E6QOCixePctd | Z44: 초안(웹 수집). 현장 미확인 / 추정 칸: 머무는 시간·1인 지출·태그·지역 / 영업시간 참고: 금·토 05:00까지
A45: store_043 | B45: 코지코지 | C45: 야간 콘텐츠 | D45: 동구 동명동 | E45: 광주광역시 동구 장동로 7 1층 | H45: 16:30 | I45: 27:00 | K45: 90 | L45: 24000 | M45: 우삼겹나베 25,500 / 불고기 육전 24,000 / 닭발새우치즈 24,000 | N45: 이자카야 | P45: 술, 식사 | Q45: 활기찬 | R45: 실내 | S45: 오후, 저녁, 밤 | V45: 점심 돈가스 저녁 주점(리뷰) | W45: Claude(웹 수집) | X45: 2026-10-21 | Y45: https://www.diningcode.com/profile.php?rid=oFAx0xJ2txam | Z45: 초안(웹 수집). 현장 미확인 / 추정 칸: 머무는 시간·1인 지출·태그·지역
A46: store_044 | B46: 도쿠리 | C46: 야간 콘텐츠 | D46: 동구 동명동 | E46: 광주광역시 동구 백서로 218-1 1층 | H46: 17:30 | I46: 27:00 | K46: 90 | L46: 25000 | M46: 대방어사시미 45,000 / 도쿠리나베 30,000 / 모듬꼬치 20,000 | N46: 이자카야 | P46: 술, 식사 | Q46: 활기찬 | R46: 실내 | S46: 오후, 저녁, 밤 | W46: Claude(웹 수집) | X46: 2026-10-21 | Y46: https://www.diningcode.com/profile.php?rid=dwIGnEAR3ReS | Z46: 초안(웹 수집). 현장 미확인 / 추정 칸: 머무는 시간·1인 지출·태그·지역 / 영업시간 참고: 금·토 04:00까지
A47: store_045 | B47: 오보에루 | C47: 야간 콘텐츠 | D47: 동구 동명동 | E47: 광주광역시 동구 동명로20번길 22-4 1층 | H47: 18:00 | I47: 23:30 | J47: 월,화 | K47: 90 | L47: 37500 | M47: 무늬오징어&우니 55,000 / 치킨가라아게 20,000 / 오마카세 1인 약12만원(리뷰) | N47: 이자카야,오마카세 | P47: 술, 식사 | Q47: 활기찬 | R47: 실내 | S47: 저녁, 밤 | V47: 예약제 | W47: Claude(웹 수집) | X47: 2026-10-21 | Y47: https://www.diningcode.com/profile.php?rid=1xo4t0hDaRZI | Z47: 초안(웹 수집). 현장 미확인 / 추정 칸: 머무는 시간·1인 지출·태그·지역 / 영업시간 참고: 요일별로 다름 / 라스트오더 22:30
A48: store_046 | B48: 야키토리 도요 | C48: 야간 콘텐츠 | D48: 동구 동명동 | E48: 광주광역시 동구 동계천로 143-5 1층 | H48: 18:00 | I48: 27:00 | K48: 90 | L48: 24000 | M48: 도요 한우육회 25,000 / 야키토리 7종 22,500 / 규짬뽕 25,000 | N48: 이자카야,야키토리 | P48: 술, 식사 | Q48: 활기찬 | R48: 실내 | S48: 저녁, 밤 | V48: 이로리야키 | W48: Claude(웹 수집) | X48: 2026-10-21 | Y48: https://www.diningcode.com/profile.php?rid=bs6ZptPmNYD3 | Z48: 초안(웹 수집). 현장 미확인 / 추정 칸: 머무는 시간·1인 지출·태그·지역 / 영업시간 참고: 평일 기준. 토·일 17:00 시작 / 라스트오더 02:00
A49: store_047 | B49: 리리커피로스터리 광주본점 | C49: 카페·디저트 | D49: 동구 동명동 | E49: 광주광역시 동구 동계천로 169-3 | H49: 11:00 | I49: 22:00 | K49: 60 | L49: 5000 | M49: 아메리카노 4,000 / 핸드드립 7,500 / 아인슈페너 5,500 | N49: 카페 로스터리 | P49: 카페·디저트 | Q49: 현대적 | R49: 실내 | S49: 오전, 오후, 저녁 | V49: 2층 대형, 반려동물 동반 | W49: Claude(웹 수집) | X49: 2026-10-21 | Y49: https://www.diningcode.com/profile.php?rid=zJAmXLNOnn02 | Z49: 초안(웹 수집). 현장 미확인 / 추정 칸: 머무는 시간·1인 지출·태그·지역
A50: store_048 | B50: 물고기 커피 로스터스 | C50: 카페·디저트 | D50: 동구 동명동 | E50: 광주광역시 동구 장동로 34 1층 | H50: 09:00 | I50: 15:00 | J50: 일,월 | K50: 60 | L50: 9000 | M50: 핸드드립 6,500 / 파나마 게이샤 핸드드립 11,000 | N50: 커피 핸드드립 | P50: 카페·디저트 | Q50: 현대적 | R50: 실내 | S50: 오전, 오후 | V50: 직접 로스팅 | W50: Claude(웹 수집) | X50: 2026-10-21 | Y50: https://www.diningcode.com/profile.php?rid=unr02NIDjr5d | Z50: 초안(웹 수집). 현장 미확인 / 추정 칸: 머무는 시간·1인 지출·태그·지역
A51: store_049 | B51: 네츄럴커피스톨 | C51: 카페·디저트 | D51: 동구 산수동 | E51: 광주광역시 동구 지호로70번길 2 1층 | H51: 08:00 | I51: 18:00 | J51: 토,일 | K51: 60 | L51: 6000 | M51: 흑임자라떼 5,800 | N51: 커피 | P51: 카페·디저트 | Q51: 현대적 | R51: 실내 | S51: 오전, 오후 | V51: 테이크아웃 | W51: Claude(웹 수집) | X51: 2026-10-21 | Y51: https://www.diningcode.com/profile.php?rid=k7XCqFLXwaZN | Z51: 초안(웹 수집). 현장 미확인 / 추정 칸: 머무는 시간·1인 지출·태그·지역 / 라스트오더 17:30
A52: store_050 | B52: 커프커프하우스 동명점 | C52: 카페·디저트 | D52: 동구 동명동 | E52: 광주광역시 동구 동명로14번길 5 1층 | H52: 11:00 | I52: 23:00 | K52: 60 | L52: 11000 | M52: 프렌치토스트 9,500 / 시즌토스트 12,000 | N52: 카페,프렌치토스트 | P52: 카페·디저트 | Q52: 현대적 | R52: 실내 | S52: 오전, 오후, 저녁, 밤 | V52: 2층 확장 | W52: Claude(웹 수집) | X52: 2026-10-21 | Y52: https://www.diningcode.com/profile.php?rid=BG3yIQddd1eS | Z52: 초안(웹 수집). 현장 미확인 / 추정 칸: 머무는 시간·1인 지출·태그·지역 / 라스트오더 21:00(블로그)
A53: store_051 | B53: 커피한잔 | C53: 카페·디저트 | D53: 동구 산수동 | E53: 광주광역시 동구 지호로 32-4 | H53: 09:00 | I53: 22:00 | K53: 60 | L53: 4500 | M53: 아메리카노 4,000 / 카라멜 마끼아또 5,000 | N53: 카페,커피 | P53: 카페·디저트 | Q53: 현대적 | R53: 실내 | S53: 오전, 오후, 저녁 | V53: SCA 커피감별사 직접 로스팅 | W53: Claude(웹 수집) | X53: 2026-10-21 | Y53: https://www.diningcode.com/profile.php?rid=fPvx8eK0Pq0p | Z53: 초안(웹 수집). 현장 미확인 / 추정 칸: 머무는 시간·1인 지출·태그·지역
A54: store_052 | B54: 코오피 동명점 | C54: 카페·디저트 | D54: 동구 대인동 | E54: 광주광역시 동구 제봉로138번길 12 | H54: 12:00 | I54: 22:00 | J54: 월 | K54: 60 | L54: 6000 | M54: 코오피 딸기라떼 6,500 / 두바이쫀득쿠키 5,000 | N54: 카페 | P54: 카페·디저트 | Q54: 감성적 | R54: 실내외 | S54: 오후, 저녁 | V54: 한옥 개조, 테라스 | W54: Claude(웹 수집) | X54: 2026-10-21 | Y54: https://www.diningcode.com/profile.php?rid=TxvGCR7aiLB8 | Z54: 초안(웹 수집). 현장 미확인 / 추정 칸: 머무는 시간·1인 지출·태그·지역
A55: store_053 | B55: 홉커피 | C55: 카페·디저트 | D55: 동구 동명동 | E55: 광주광역시 동구 동계로 1 (1,2층) | H55: 12:00 | I55: 22:00 | J55: 월 | K55: 60 | L55: 7000 | M55: 피스타치오 체리푸딩 8,000 / 밤푸딩 8,000 / 에이드 6,000 | N55: 카페,푸딩 | P55: 카페·디저트 | Q55: 현대적 | R55: 실내 | S55: 오후, 저녁 | V55: 블라인드북 판매 | W55: Claude(웹 수집) | X55: 2026-10-21 | Y55: https://www.diningcode.com/profile.php?rid=OeHbwJDmlSvm | Z55: 초안(웹 수집). 현장 미확인 / 추정 칸: 머무는 시간·1인 지출·태그·지역
A56: store_054 | B56: 호재 | C56: 카페·디저트 | D56: 동구 동명동 | E56: 광주광역시 동구 동명로67번길 22-49 | H56: 11:30 | I56: 25:00 | K56: 60 | L56: 7500 | M56: 호재라떼 6,800 / 필터커피 7,800 | N56: 한옥카페 | P56: 카페·디저트 | Q56: 감성적 | R56: 실내외 | S56: 오전, 오후, 저녁, 밤 | V56: 한옥 분위기, 테라스 | W56: Claude(웹 수집) | X56: 2026-10-21 | Y56: https://www.diningcode.com/profile.php?rid=FkDdAZTYEQoS | Z56: 초안(웹 수집). 현장 미확인 / 추정 칸: 머무는 시간·1인 지출·태그·지역
A57: store_055 | B57: 솔티드머랭 | C57: 카페·디저트 | D57: 동구 동명동 | E57: 광주광역시 동구 백서로 229 | H57: 11:00 | I57: 21:00 | J57: 화 | K57: 20 | L57: 5000 | M57: 아메리카노 4,500 / 카라멜마끼아또 5,500 | N57: 케이크,디저트 | P57: 카페·디저트 | Q57: 현대적 | R57: 실내 | S57: 오전, 오후, 저녁 | V57: 케이크·타르트·마카롱 직접 생산 | W57: Claude(웹 수집) | X57: 2026-10-21 | Y57: https://www.diningcode.com/profile.php?rid=rPInOOD3oPyx | Z57: 초안(웹 수집). 현장 미확인 / 추정 칸: 머무는 시간·1인 지출·태그·지역
A58: store_056 | B58: 딜라이트베이크샵 | C58: 카페·디저트 | D58: 동구 | E58: 광주광역시 동구 필문대로 261 1층 | H58: 12:00 | I58: 18:00 | J58: 일 | K58: 20 | L58: 4000 | M58: 두바이 쫀득쿠키 4,500 / 수제 마들렌 3,300 | N58: 케이크,레터링케이크 | P58: 카페·디저트 | Q58: 현대적 | R58: 실내 | S58: 오후 | W58: Claude(웹 수집) | X58: 2026-10-21 | Y58: https://www.diningcode.com/profile.php?rid=Q7YLkLRTfEBR | Z58: 초안(웹 수집). 현장 미확인 / 추정 칸: 머무는 시간·1인 지출·태그·지역
A59: store_057 | B59: 코코로나인 | C59: 카페·디저트 | D59: 동구 동명동 | E59: 광주광역시 동구 장동로 36 | H59: 11:00 | I59: 22:00 | J59: 월 | K59: 20 | L59: 16000 | M59: 황치즈 세트 25,500 / 뽀또 치즈 크럼블 블론디 6,800 | N59: 디저트,치즈케이크 | P59: 카페·디저트 | Q59: 현대적 | R59: 실내 | S59: 오전, 오후, 저녁 | V59: 글루텐프리 메뉴 | W59: Claude(웹 수집) | X59: 2026-10-21 | Y59: https://www.diningcode.com/profile.php?rid=KqK71rUHypyr | Z59: 초안(웹 수집). 현장 미확인 / 추정 칸: 머무는 시간·1인 지출·태그·지역
A60: store_058 | B60: 코다 | C60: 카페·디저트 | D60: 동구 동명동 | E60: 광주광역시 동구 동명로14번길 9 1층 | H60: 12:00 | I60: 24:00 | K60: 40 | L60: 7500 | M60: 토마토파블로바 8,500 / 텐저린플랫 6,500 / CODA 9,500 | N60: 카페,디저트 | P60: 카페·디저트 | Q60: 현대적 | R60: 실내 | S60: 오후, 저녁, 밤 | W60: Claude(웹 수집) | X60: 2026-10-21 | Y60: https://www.diningcode.com/profile.php?rid=qi3IjdjNlRzE | Z60: 초안(웹 수집). 현장 미확인 / 추정 칸: 머무는 시간·1인 지출·태그·지역 / 라스트오더 23:30
A61: store_059 | B61: 케이꾸 | C61: 카페·디저트 | D61: 동구 동명동 | E61: 광주광역시 동구 장동로 3 1층 | H61: 11:30 | I61: 22:00 | J61: 월 | K61: 20 | M61: 주문제작케이크(가격 없음) | N61: 케이크 | P61: 카페·디저트 | Q61: 현대적 | R61: 실내 | S61: 오전, 오후, 저녁 | W61: Claude(웹 수집) | X61: 2026-10-21 | Y61: https://www.diningcode.com/profile.php?rid=SyPWjpXnnrxk | Z61: 초안(웹 수집). 현장 미확인 / 추정 칸: 머무는 시간·1인 지출·태그·지역 / 영업시간 참고: 일요일은 09:00 시작 / 지출 추정 불가(메뉴 가격 없음) - 직접 입력
A62: store_060 | B62: 뽀얌과자점 | C62: 카페·디저트 | D62: 동구 동명동 | E62: 광주광역시 동구 동명로98번길 19 1층 | J62: 일,월 | K62: 20 | M62: 고메소금빵(가격 없음) | N62: 베이커리,케이크 | P62: 카페·디저트 | Q62: 현대적 | R62: 실내 | W62: Claude(웹 수집) | X62: 2026-10-21 | Y62: https://www.diningcode.com/profile.php?rid=B7J1fhp6gUY7 | Z62: 초안(웹 수집). 현장 미확인 / 추정 칸: 머무는 시간·1인 지출·태그·지역 / 영업시간 확인 필요(영업시간 확인 필요) / 휴무 근거: 리뷰 / 지출 추정 불가(메뉴 가격 없음) - 직접 입력
A63: store_061 | B63: 버터북 광주점 | C63: 카페·디저트 | D63: 동구 동명동 | E63: 광주광역시 동구 동계천로 159-11 1~2층 | K63: 40 | L63: 4500 | M63: 글레이즈드 링 도넛 2,700 / 카스테라도넛 4,800 / 말차도넛 4,500 | N63: 도넛,카페 | P63: 카페·디저트 | Q63: 현대적 | R63: 실내 | W63: Claude(웹 수집) | X63: 2026-10-21 | Y63: https://www.diningcode.com/profile.php?rid=s44l75K8MK0A | Z63: 초안(웹 수집). 현장 미확인 / 추정 칸: 머무는 시간·1인 지출·태그·지역 / 영업시간 확인 필요(영업시간 확인 필요)
A64: store_062 | B64: 포포케이크 | C64: 카페·디저트 | D64: 동구 대인동 | E64: 광주광역시 동구 제봉로98번길 1 1층 | H64: 08:00 | I64: 18:00 | K64: 20 | M64: 주문제작케이크(가격 없음) | N64: 케이크 | P64: 카페·디저트 | Q64: 현대적 | R64: 실내 | S64: 오전, 오후 | W64: Claude(웹 수집) | X64: 2026-10-21 | Y64: https://www.diningcode.com/profile.php?rid=UVPbYDpN9KRO | Z64: 초안(웹 수집). 현장 미확인 / 추정 칸: 머무는 시간·1인 지출·태그·지역 / 지출 추정 불가(메뉴 가격 없음) - 직접 입력
A65: store_063 | B65: AUSMehl(아우스밀) | C65: 카페·디저트 | D65: 동구 동명동 | E65: 광주광역시 동구 동명로25번길 4-1 | H65: 12:10 | I65: 18:00 | K65: 20 | L65: 9000 | M65: 흑임자구황작물브치 8,900 | N65: 베이커리,휘낭시에 | P65: 카페·디저트 | Q65: 현대적 | R65: 실내 | S65: 오후 | V65: 테이크아웃 전문 | W65: Claude(웹 수집) | X65: 2026-10-21 | Y65: https://www.diningcode.com/profile.php?rid=Gk0r7tuiy3iY | Z65: 초안(웹 수집). 현장 미확인 / 추정 칸: 머무는 시간·1인 지출·태그·지역 / 휴무 확인 필요(목,월,화 휴무 표시)
A66: store_064 | B66: 스케치 | C66: 카페·디저트 | D66: 동구 동명동 | E66: 광주광역시 동구 동계천로95번길 20-1 | H66: 08:00 | I66: 23:00 | K66: 60 | L66: 5500 | M66: 당근라페바게트 7,800 / 잠봉뵈르바게트 8,500 / 소금빵 3,200 / 카이막 7,500 | N66: 카페,베이커리 | P66: 카페·디저트 | Q66: 현대적 | R66: 실내 | S66: 오전, 오후, 저녁, 밤 | W66: Claude(웹 수집) | X66: 2026-10-21 | Y66: https://www.diningcode.com/profile.php?rid=293k5cXkpDYW | Z66: 초안(웹 수집). 현장 미확인 / 추정 칸: 머무는 시간·1인 지출·태그·지역
A67: store_065 | B67: 멜크 | C67: 카페·디저트 | D67: 동구 동명동 | E67: 광주광역시 동구 동명로14번길 19-8 1층 | H67: 12:00 | I67: 20:00 | J67: 월 | K67: 40 | L67: 6000 | M67: 제주 호우지차 밀크티 8,000 / 넛츠크림라떼 7,000 / 블루베리 크림치즈 모찌 4,500 | N67: 디저트,빙수 | P67: 카페·디저트 | Q67: 감성적 | R67: 실내 | S67: 오후, 저녁 | V67: 크리스마스 콘셉트 | W67: Claude(웹 수집) | X67: 2026-10-21 | Y67: https://www.diningcode.com/profile.php?rid=ppy3QsvghfSM | Z67: 초안(웹 수집). 현장 미확인 / 추정 칸: 머무는 시간·1인 지출·태그·지역
A68: store_066 | B68: 티앗 | C68: 카페·디저트 | D68: 동구 동명동 | E68: 광주광역시 동구 동명로14번길 12 | H68: 12:00 | I68: 22:00 | K68: 60 | L68: 6000 | M68: 자스민 홍차 6,500 / 티앗밀크티 6,000 / 민포가토 6,000 | N68: 밀크티,홍차 | P68: 카페·디저트 | Q68: 현대적 | R68: 실내 | S68: 오후, 저녁 | V68: 2층 좌식 | W68: Claude(웹 수집) | X68: 2026-10-21 | Y68: https://www.diningcode.com/profile.php?rid=XCROduF5eXos | Z68: 초안(웹 수집). 현장 미확인 / 추정 칸: 머무는 시간·1인 지출·태그·지역 / 라스트오더 21:40
A69: store_067 | B69: 소뇨 | C69: 카페·디저트 | D69: 동구 동명동 | E69: 광주광역시 동구 장동로 19-3 | H69: 12:00 | I69: 21:50 | K69: 40 | L69: 11000 | M69: 우유빙수 10,500 / 오레오 빙수 12,000 / 파인애플빙수 17,500 | N69: 빙수 | P69: 카페·디저트 | Q69: 현대적 | R69: 실내 | S69: 오후, 저녁 | W69: Claude(웹 수집) | X69: 2026-10-21 | Y69: https://www.diningcode.com/profile.php?rid=EsjWP2BwJqtC | Z69: 초안(웹 수집). 현장 미확인 / 추정 칸: 머무는 시간·1인 지출·태그·지역 / 라스트오더 21:10
A70: store_068 | B70: 동명당 | C70: 카페·디저트 | D70: 동구 동명동 | E70: 광주광역시 동구 장동로 23-41 1층 | H70: 11:00 | I70: 20:00 | K70: 40 | L70: 4500 | M70: 두쫀쿠 4,000 / 생초콜릿 5,000 / 오랑제뜨 15,000 | N70: 수제초콜릿 | P70: 카페·디저트 | Q70: 현대적 | R70: 실내 | S70: 오전, 오후, 저녁 | V70: 선물세트 | W70: Claude(웹 수집) | X70: 2026-10-21 | Y70: https://www.diningcode.com/profile.php?rid=3NGZNOlf6YK4 | Z70: 초안(웹 수집). 현장 미확인 / 추정 칸: 머무는 시간·1인 지출·태그·지역 / 휴무 확인 필요(확인필요)
A71: store_069 | B71: 츄룹 | C71: 카페·디저트 | D71: 동구 광산동 | E71: 광주광역시 동구 문화전당로35번길 3 1층 | H71: 12:00 | I71: 23:00 | J71: 월 | K71: 40 | L71: 6000 | M71: 1컵 두가지맛 4,500 / 세가지맛 8,000 / 아메리카노 2,500 | N71: 젤라또 | P71: 카페·디저트 | Q71: 현대적 | R71: 실내 | S71: 오후, 저녁, 밤 | W71: Claude(웹 수집) | X71: 2026-10-21 | Y71: https://www.diningcode.com/profile.php?rid=yZ69XI01egpY | Z71: 초안(웹 수집). 현장 미확인 / 추정 칸: 머무는 시간·1인 지출·태그·지역 / 휴무 근거: 블로그
A72: store_070 | B72: 동국 | C72: 식당 | D72: 동구 동명동 | E72: 광주광역시 동구 동명로 52 1층 | H72: 11:30 | I72: 20:30 | J72: 월 | K72: 40 | L72: 11000 | M72: 맑은거 11,000 / 허연거 11,000 / 뻘건거 11,000 | N72: 국밥 | P72: 식사 | Q72: 서민적 | R72: 실내 | S72: 오전, 오후, 저녁 | V72: 반려동물 동반 가능 | W72: Claude(웹 수집) | X72: 2026-10-21 | Y72: https://www.diningcode.com/profile.php?rid=OzYZiP60D5rL | Z72: 초안(웹 수집). 현장 미확인 / 추정 칸: 머무는 시간·1인 지출·태그·지역 / 브레이크타임 15:30-17:00 / 라스트오더 15:00,20:00 / 휴무 근거: 블로그
A73: store_071 | B73: 프랭크커핀바 동명점 | C73: 카페·디저트 | D73: 동구 동명동 | E73: 광주 동구 동명로14번길 15 | H73: 11:00 | I73: 22:00 | K73: 60 | M73: (가격 없음) | N73: 카페,크로플 | P73: 카페·디저트 | Q73: 현대적 | R73: 실내 | S73: 오전, 오후, 저녁 | V73: 우드 빈티지 | W73: Claude(웹 수집) | X73: 2026-10-21 | Y73: https://kr.trip.com/moments/poi-dongmyeong-dong-cafe-street-62023085/ | Z73: 초안(웹 수집). 현장 미확인 / 추정 칸: 머무는 시간·1인 지출·태그·지역 / 라스트오더 21:30 / 지출 추정 불가(메뉴 가격 없음) - 직접 입력
A74: store_072 | B74: 일다 | C74: 카페·디저트 | D74: 동구 동명동 | E74: 광주 동구 동계천로 159-10 | H74: 12:00 | I74: 22:30 | K74: 60 | L74: 6500 | M74: 할매밀크티 6,500 / 500일의 썸머 6,500 | N74: 레트로 카페 | P74: 카페·디저트 | Q74: 감성적, 레트로 | R74: 실내 | S74: 오후, 저녁, 밤 | V74: 주택 개조, 노키즈·노펫 | W74: Claude(웹 수집) | X74: 2026-10-21 | Y74: https://kr.trip.com/moments/poi-dongmyeong-dong-cafe-street-62023085/ | Z74: 초안(웹 수집). 현장 미확인 / 추정 칸: 머무는 시간·1인 지출·태그·지역
A75: store_073 | B75: 티소하 | C75: 카페·디저트 | D75: 동구 동명동 | E75: 광주 동구 동계천로 151-17 엘림 2동 | H75: 12:00 | I75: 21:00 | J75: 월 | K75: 60 | M75: (가격 없음) | N75: 전통 차 카페 | P75: 카페·디저트 | Q75: 현대적 | R75: 실내 | S75: 오후, 저녁 | V75: 한국식 디저트 | W75: Claude(웹 수집) | X75: 2026-10-21 | Y75: https://kr.trip.com/moments/poi-dongmyeong-dong-cafe-street-62023085/ | Z75: 초안(웹 수집). 현장 미확인 / 추정 칸: 머무는 시간·1인 지출·태그·지역 / 지출 추정 불가(메뉴 가격 없음) - 직접 입력
A76: store_074 | B76: 본투비버거 | C76: 식당 | D76: 동구 동명동 | E76: 광주 동구 동명로 37-1 | K76: 60 | L76: 12000 | M76: 1인 평균 12,000 | N76: 수제버거 | P76: 식사 | Q76: 현대적 | R76: 실내 | W76: Claude(웹 수집) | X76: 2026-10-21 | Y76: https://kr.trip.com/moments/poi-dongmyeong-dong-cafe-street-62023085/ | Z76: 초안(웹 수집). 현장 미확인 / 추정 칸: 머무는 시간·1인 지출·태그·지역 / 영업시간 확인 필요(영업시간 없음)
A77: store_075 | B77: 카패동심 | C77: 카페·디저트 | D77: 동구 동명동 | E77: 광주 동구 동명로25번길 7-2 1,2층 | H77: 12:00 | I77: 22:00 | K77: 60 | M77: (음료 가격 없음) | N77: 그림 카페 | P77: 카페·디저트 | Q77: 현대적 | R77: 실내 | S77: 오후, 저녁 | V77: 색연필 무료 대여 | W77: Claude(웹 수집) | X77: 2026-10-21 | Y77: https://kr.trip.com/moments/poi-dongmyeong-dong-cafe-street-62023085/ | Z77: 초안(웹 수집). 현장 미확인 / 추정 칸: 머무는 시간·1인 지출·태그·지역 / 지출 추정 불가(메뉴 가격 없음) - 직접 입력
A78: store_076 | B78: 고망고 광주충장로점 | C78: 카페·디저트 | D78: 동구 충장로 | E78: 광주광역시 동구 충장로 94-9 1층 | H78: 11:00 | I78: 21:00 | K78: 20 | L78: 4000 | M78: 망고스트로베리(XL) 4,200 / 망딸바 5,500 / 망고라떼(XL) 3,500 | N78: 디저트,망고 | P78: 카페·디저트 | Q78: 현대적 | R78: 실내 | S78: 오전, 오후, 저녁 | V78: 프랜차이즈 추정(확인필요),테이크아웃 | W78: Claude(웹 수집) | X78: 2026-10-21 | Y78: https://www.diningcode.com/profile.php?rid=gvDVHrCNJTwe | Z78: 초안(웹 수집). 현장 미확인 / 추정 칸: 머무는 시간·1인 지출·태그·지역 / 영업시간 참고: 토·일 10:00-22:00 / 프랜차이즈 추정(확인필요),테이크아웃
A79: store_077 | B79: 용가회전훠궈 광주충장로점 | C79: 식당 | D79: 동구 충장로 | E79: 광주광역시 동구 충장로 72 2층 | H79: 11:00 | I79: 22:00 | K79: 80 | L79: 22000 | M79: 평일점심 19,900 / 평일저녁·주말 23,900 | N79: 훠궈 무한리필 | P79: 식사 | Q79: 현대적 | R79: 실내 | S79: 오전, 오후, 저녁 | V79: 프랜차이즈 추정 | W79: Claude(웹 수집) | X79: 2026-10-21 | Y79: https://www.diningcode.com/profile.php?rid=9FULmCWyF8lz | Z79: 초안(웹 수집). 현장 미확인 / 추정 칸: 머무는 시간·1인 지출·태그·지역 / 영업시간 참고: 금~일 23:00까지 / 라스트오더 목월화20:30 금~일21:30 / 프랜차이즈 추정
A80: store_078 | B80: 광주보쌈 | C80: 식당 | D80: 동구 충장로 | E80: 광주광역시 동구 서석로 29-5 | H80: 12:00 | I80: 21:00 | K80: 80 | L80: 30000 | M80: 보쌈 30,000 / 고기추가 25,000 | N80: 보쌈 | P80: 식사 | Q80: 서민적 | R80: 실내 | S80: 오후, 저녁 | V80: 생활의달인·노포 태그 | W80: Claude(웹 수집) | X80: 2026-10-21 | Y80: https://www.diningcode.com/profile.php?rid=UL1RHqR8ZwnT | Z80: 초안(웹 수집). 현장 미확인 / 추정 칸: 머무는 시간·1인 지출·태그·지역 / 휴무 확인 필요(수요일)
A81: store_079 | B81: 중앙식당 충장점 | C81: 식당 | D81: 동구 충장로 | E81: 광주광역시 동구 충장로 87 | H81: 10:00 | I81: 22:00 | J81: 월 | K81: 60 | L81: 23000 | M81: 철판 닭볶음 30,000 / 철판오징어볶음 16,000 / 한마리반 46,000 | N81: 닭볶음탕 | P81: 식사 | Q81: 현대적 | R81: 실내 | S81: 오전, 오후, 저녁 | W81: Claude(웹 수집) | X81: 2026-10-21 | Y81: https://www.diningcode.com/profile.php?rid=WnILumNDkiyX | Z81: 초안(웹 수집). 현장 미확인 / 추정 칸: 머무는 시간·1인 지출·태그·지역
A82: store_080 | B82: 보광옥 | C82: 식당 | D82: 동구 충장로 | E82: 광주광역시 동구 충장로46번길 16 | H82: 11:00 | I82: 21:30 | J82: 월 | K82: 80 | L82: 8500 | M82: 돼지갈비 18,000 / 김치찌개 10,000 / 물냉면 7,000 | N82: 돼지갈비 | P82: 식사 | Q82: 현대적 | R82: 실내 | S82: 오전, 오후, 저녁 | V82: 개업 1970. 담양식 돼지갈비 | W82: Claude(웹 수집) | X82: 2026-10-21 | Y82: https://www.diningcode.com/profile.php?rid=Pstfj7iNtR01 | Z82: 초안(웹 수집). 현장 미확인 / 추정 칸: 머무는 시간·1인 지출·태그·지역 / 브레이크타임 15:00-16:30
A83: store_081 | B83: 보배반점 충장점 | C83: 식당 | D83: 동구 충장로 | E83: 광주광역시 동구 충장로 77-6 1층 | H83: 11:00 | I83: 22:00 | K83: 60 | L83: 13500 | M83: 소고기짬뽕 13,000 / 크림짬뽕 14,000 / 해물쟁반짜장 22,000 | N83: 중식 | P83: 식사 | Q83: 현대적 | R83: 실내 | S83: 오전, 오후, 저녁 | W83: Claude(웹 수집) | X83: 2026-10-21 | Y83: https://www.diningcode.com/profile.php?rid=4uE3dJpnGccj | Z83: 초안(웹 수집). 현장 미확인 / 추정 칸: 머무는 시간·1인 지출·태그·지역 / 브레이크타임 15:00-16:00 / 라스트오더 21:30(블로그)
A84: store_082 | B84: 커피온리 광주충장로점 | C84: 카페·디저트 | D84: 동구 충장로 | E84: 광주광역시 동구 서석로 37 | H84: 08:00 | I84: 19:00 | K84: 60 | M84: 아메리카노 1,500 / 콜드브루 2,900 / 카페라떼 2,900 | N84: 커피 | P84: 카페·디저트 | Q84: 현대적 | R84: 실내 | S84: 오전, 오후, 저녁 | V84: 저가형 테이크아웃(프랜차이즈 추정) | W84: Claude(웹 수집) | X84: 2026-10-21 | Y84: https://www.diningcode.com/profile.php?rid=lE32rRzXOb4r | Z84: 초안(웹 수집). 현장 미확인 / 추정 칸: 머무는 시간·1인 지출·태그·지역 / 휴무 확인 필요(확인필요(표기 불명확)) / 저가형 테이크아웃(프랜차이즈 추정) / 지출 추정 불가(메뉴 가격 없음) - 직접 입력
A85: store_083 | B85: 로머스카페 | C85: 카페·디저트 | D85: 동구 금남로 | E85: 광주광역시 동구 금남로 202 로머스파크 1층 102호 | H85: 08:00 | I85: 21:30 | K85: 60 | L85: 3500 | M85: 수제쿠키 3,300 / 아메리카노 3,500 / 카페라떼 4,000 | N85: 카페 | P85: 카페·디저트 | Q85: 현대적 | R85: 실내외 | S85: 오전, 오후, 저녁 | V85: 카공,야외테이블 | W85: Claude(웹 수집) | X85: 2026-10-21 | Y85: https://www.diningcode.com/profile.php?rid=YltwdtdSJNzx | Z85: 초안(웹 수집). 현장 미확인 / 추정 칸: 머무는 시간·1인 지출·태그·지역
A86: store_084 | B86: 금성식당 | C86: 식당 | D86: 동구 대인동 | E86: 광주광역시 동구 제봉로222번길 2 | H86: 00:00 | I86: 24:00 | K86: 40 | L86: 15500 | M86: 금성김치전골 1인 14,000 / 목포갈치조림 17,000 / 오삼불고기 17,000 | N86: 김치찌개,전골 | P86: 식사 | Q86: 서민적 | R86: 실내 | S86: 오전, 오후, 저녁, 밤 | V86: 24시간 노포 | W86: Claude(웹 수집) | X86: 2026-10-21 | Y86: https://www.diningcode.com/profile.php?rid=jBSNinRzNyaE | Z86: 초안(웹 수집). 현장 미확인 / 추정 칸: 머무는 시간·1인 지출·태그·지역
A87: store_085 | B87: 반도식당 | C87: 식당 | D87: 동구 대인동 | E87: 광주광역시 동구 구성로 194-1 | H87: 11:00 | I87: 21:00 | K87: 40 | L87: 7500 | M87: 제육볶음 8,000 / 두부김치 9,000 / 호박찌개 7,000 | N87: 백반,소주방 | P87: 식사 | Q87: 서민적 | R87: 실내 | S87: 오전, 오후, 저녁 | V87: 노포 | W87: Claude(웹 수집) | X87: 2026-10-21 | Y87: https://www.diningcode.com/profile.php?rid=H2mWVYc5zJ1j | Z87: 초안(웹 수집). 현장 미확인 / 추정 칸: 머무는 시간·1인 지출·태그·지역 / 휴무 확인 필요(명절 전날·당일(블로그))
A88: store_086 | B88: 두배곱창 부대찌개 | C88: 식당 | D88: 동구 대인동 | E88: 광주광역시 동구 제봉로 220-1 1층 | H88: 09:30 | I88: 23:00 | K88: 80 | L88: 11500 | M88: 곰탕 10,000 / 모듬곰탕 13,000 / 소곱창 구이한판 29,800 | N88: 곱창,부대찌개 | P88: 식사 | Q88: 현대적 | R88: 실내 | S88: 오전, 오후, 저녁, 밤 | W88: Claude(웹 수집) | X88: 2026-10-21 | Y88: https://www.diningcode.com/profile.php?rid=KkgjsUJPYoGE | Z88: 초안(웹 수집). 현장 미확인 / 추정 칸: 머무는 시간·1인 지출·태그·지역
A89: store_087 | B89: 대인전집 | C89: 식당 | D89: 동구 대인동 | E89: 광주광역시 동구 제봉로184번길 15-1 | H89: 09:00 | I89: 20:00 | K89: 60 | M89: 육전·산적·고추전(가격 없음) | N89: 전,나물 | P89: 식사 | Q89: 현대적 | R89: 실내 | S89: 오전, 오후, 저녁 | V89: 미리 연락해 주문 가능 | W89: Claude(웹 수집) | X89: 2026-10-21 | Y89: https://www.diningcode.com/profile.php?rid=FTWq77WyhENa | Z89: 초안(웹 수집). 현장 미확인 / 추정 칸: 머무는 시간·1인 지출·태그·지역 / 지출 추정 불가(메뉴 가격 없음) - 직접 입력
A90: store_088 | B90: 해뜨는식당 | C90: 식당 | D90: 동구 대인동 | E90: 광주광역시 동구 제봉로190번길 7-2 | H90: 10:00 | I90: 14:00 | J90: 일 | K90: 40 | M90: 백반 1,000 | N90: 백반 | P90: 식사 | Q90: 서민적 | R90: 실내 | S90: 오전, 오후 | V90: 2010년부터 1,000원 백반 봉사식당 | W90: Claude(웹 수집) | X90: 2026-10-21 | Y90: https://www.diningcode.com/profile.php?rid=ZIsd431KRoJP | Z90: 초안(웹 수집). 현장 미확인 / 추정 칸: 머무는 시간·1인 지출·태그·지역 / 휴무 근거: 블로그 / 지출 추정 불가(메뉴 가격 없음) - 직접 입력
A91: store_089 | B91: 할매추어탕&오리탕 | C91: 식당 | D91: 동구 대인동 | E91: 광주광역시 동구 구성로 198 | H91: 11:00 | I91: 21:00 | K91: 60 | L91: 9000 | M91: 추어탕 10,000 / 오리탕(반마리) 30,000 / 새우볶음밥 8,000 | N91: 추어탕,오리탕 | P91: 식사 | Q91: 서민적 | R91: 실내 | S91: 오전, 오후, 저녁 | V91: 오래된맛집 태그 | W91: Claude(웹 수집) | X91: 2026-10-21 | Y91: https://www.diningcode.com/profile.php?rid=4JjdLK9fH51l | Z91: 초안(웹 수집). 현장 미확인 / 추정 칸: 머무는 시간·1인 지출·태그·지역
A92: store_090 | B92: 곱깨비 계림점 | C92: 야간 콘텐츠 | D92: 동구 동명동 | E92: 광주광역시 동구 동계천로6번길 1 | H92: 15:00 | I92: 24:00 | K92: 90 | M92: 야채곱창 등(가격 없음) | N92: 곱창 | P92: 술 | Q92: 활기찬 | R92: 실내 | S92: 오후, 저녁, 밤 | W92: Claude(웹 수집) | X92: 2026-10-21 | Y92: https://www.diningcode.com/profile.php?rid=ezkyVAfYlCl2 | Z92: 초안(웹 수집). 현장 미확인 / 추정 칸: 머무는 시간·1인 지출·태그·지역 / 라스트오더 23:15 / 휴무 확인 필요(확인필요) / 지출 추정 불가(메뉴 가격 없음) - 직접 입력
A93: store_091 | B93: 카페 호시정 | C93: 카페·디저트 | D93: 동구 동명동 | E93: 광주광역시 동구 동계천로 137-9 1층 | H93: 12:00 | I93: 22:00 | K93: 60 | L93: 5500 | M93: 호시정오로라 6,000 / 호시정라떼 6,000 / 콜롬비아 수프리오 5,000 | N93: 카페,치즈케이크 | P93: 카페·디저트 | Q93: 현대적 | R93: 실내 | S93: 오후, 저녁 | V93: 가정집 개조(블로그) | W93: Claude(웹 수집) | X93: 2026-10-21 | Y93: https://www.diningcode.com/profile.php?rid=kJj87tZPah1b | Z93: 초안(웹 수집). 현장 미확인 / 추정 칸: 머무는 시간·1인 지출·태그·지역
A94: store_092 | B94: 우쉬룸 | C94: 식당 | D94: 동구 동명동 | E94: 광주광역시 동구 동명로14번길 21 | H94: 11:30 | I94: 21:30 | K94: 60 | L94: 21500 | M94: 살치 스테이크 43,000 / 부채살 스테이크 크림 파스타 25,000 / 훈제 연어 피자 22,000 / 브런치 21,000 | N94: 파스타,양식 | P94: 식사 | Q94: 현대적 | R94: 실내외 | S94: 오전, 오후, 저녁 | V94: 테라스,프라이빗룸 | W94: Claude(웹 수집) | X94: 2026-10-21 | Y94: https://www.diningcode.com/profile.php?rid=C36kJA8fsC07 | Z94: 초안(웹 수집). 현장 미확인 / 추정 칸: 머무는 시간·1인 지출·태그·지역 / 브레이크타임 15:00-17:00 / 라스트오더 14:00,20:30
A95: store_093 | B95: 꼰뚜아 | C95: 식당 | D95: 동구 동명동 | E95: 광주광역시 동구 동명로 98 2층 | H95: 11:00 | I95: 21:00 | J95: 월 | K95: 60 | L95: 21000 | M95: 라자냐 21,000 | N95: 이탈리안 | P95: 식사 | Q95: 현대적 | R95: 실내 | S95: 오전, 오후, 저녁 | V95: 수제 라구 라자냐, 예약가능 | W95: Claude(웹 수집) | X95: 2026-10-21 | Y95: https://www.diningcode.com/profile.php?rid=8MV39dzHe8PF | Z95: 초안(웹 수집). 현장 미확인 / 추정 칸: 머무는 시간·1인 지출·태그·지역 / 영업시간 참고: 블로그(2023) 기준 화~금. 토 12:00-21:00, 일 12:00-15:00 / 브레이크타임 15:00-17:00(2023 블로그) / 휴무 근거: 블로그
A96: store_094 | B96: 돈부리바쇼 유메노덴 | C96: 식당 | D96: 동구 동명동 | E96: 광주 동구 동계천로 167-1 1층 | H96: 11:30 | I96: 21:00 | K96: 40 | L96: 14500 | M96: 상하이파스타 18,000 / 사케동 17,000 / 에비가츠동 16,000 / 오야꼬동 13,000 | N96: 돈부리 | P96: 식사 | Q96: 현대적 | R96: 실내 | S96: 오전, 오후, 저녁 | V96: 무료주차 | W96: Claude(웹 수집) | X96: 2026-10-21 | Y96: https://www.diningcode.com/profile.php?rid=8Af6ed0brKGC | Z96: 초안(웹 수집). 현장 미확인 / 추정 칸: 머무는 시간·1인 지출·태그·지역 / 라스트오더 20:30
A97: store_095 | B97: 츠바메 | C97: 식당 | D97: 동구 동명동 | E97: 광주광역시 동구 동명로14번길 26 1층 | H97: 11:20 | I97: 22:00 | J97: 화 | K97: 40 | L97: 12500 | M97: 츠바메 텐동 11,000 / 에비 텐동 14,000 / 아나고텐동 16,500 / 스시 18,000 | N97: 텐동,초밥 | P97: 식사 | Q97: 현대적 | R97: 실내 | S97: 오전, 오후, 저녁 | V97: 콜키지무료 | W97: Claude(웹 수집) | X97: 2026-10-21 | Y97: https://www.diningcode.com/profile.php?rid=TwEzLYZ1zU4t | Z97: 초안(웹 수집). 현장 미확인 / 추정 칸: 머무는 시간·1인 지출·태그·지역 / 브레이크타임 16:00-17:00 / 라스트오더 20:30
A98: store_096 | B98: 하치스시 동명점 | C98: 식당 | D98: 동구 동명동 | E98: 전남광주통합특별시 동구 동명로 35 1층 | H98: 11:30 | I98: 21:00 | J98: 화 | K98: 60 | L98: 25500 | M98: 스시마츠 13p 30,000 / 스시타케 12p 25,000 / 사사미모리 12p 26,000 | N98: 스시 | P98: 식사 | Q98: 현대적 | R98: 실내 | S98: 오전, 오후, 저녁 | V98: 판초밥 | W98: Claude(웹 수집) | X98: 2026-10-21 | Y98: https://www.diningcode.com/profile.php?rid=LytmSUhD0hbr | Z98: 초안(웹 수집). 현장 미확인 / 추정 칸: 머무는 시간·1인 지출·태그·지역 / 브레이크타임 15:00-17:30 / 라스트오더 14:30,20:30
A99: store_097 | B99: 연어쁘다 | C99: 식당 | D99: 동구 동명동 | E99: 광주광역시 동구 동계천로 163 2층 | H99: 11:30 | I99: 21:00 | K99: 60 | L99: 16500 | M99: 연어국수 21,000 / 연어크림치즈파스타 17,000 / 우삼겹묵은지파스타 16,000 | N99: 연어,파스타 | P99: 식사 | Q99: 현대적 | R99: 실내 | S99: 오전, 오후, 저녁 | V99: 무료주차 | W99: Claude(웹 수집) | X99: 2026-10-21 | Y99: https://www.diningcode.com/profile.php?rid=8k63BvsDCo3t | Z99: 초안(웹 수집). 현장 미확인 / 추정 칸: 머무는 시간·1인 지출·태그·지역 / 브레이크타임 15:00-17:00 / 라스트오더 20:00 / 휴무 확인 필요(연중무휴(태그))
A100: store_098 | B100: 호시마츠라멘 | C100: 식당 | D100: 동구 동명동 | E100: 광주광역시 동구 제봉로110번길 15 | H100: 10:00 | I100: 22:00 | K100: 40 | L100: 10000 | M100: 카라호시라멘 10,000 / 호시라멘 10,000 / 토리 히야시라멘 13,000 | N100: 라멘 | P100: 식사 | Q100: 현대적 | R100: 실내 | S100: 오전, 오후, 저녁 | V100: 돈코츠 | W100: Claude(웹 수집) | X100: 2026-10-21 | Y100: https://www.diningcode.com/profile.php?rid=4vEW39a3z234 | Z100: 초안(웹 수집). 현장 미확인 / 추정 칸: 머무는 시간·1인 지출·태그·지역
...

Sheet 체크리스트
A1: 가게 id | B1: 가게 이름 | C1: ★채점자 | D1: [광주다움] 5·18 등 광주 근현대사 사건의 현장이다 | E1: [광주다움] 지정·등록 문화유산이거나 근대건축물이다 | F1: [광주다움] 광주 고유의 음식·예술·인물과 직접 관련된다 | G1: [광주다움] 같은 자리에서 30년 이상 운영했다 | H1: [상권 연계성] 프랜차이즈나 대기업 직영이 아니다 (공공시설은 체크) | I1: [상권 연계성] 전통시장·상점가·골목상권 구역 안에 있다 | J1: [상권 연계성] 반경 300m 안에 소상공인 점포가 많다 (기준 점포 수는 데이터 수집 후 확정) | K1: [체류 유도성] 앉아서 쉴 수 있는 자리(좌석·벤치)가 있다 | L1: 근거 (링크·사진 파일명·메모)
A2: 가게정보의 id 고르기 | B2: 자동 | C2: 본인 이름 | D2: 확인 방법: 5·18 사적지 목록 등 공식 지정 여부 | E2: 확인 방법: 국가유산청 문화유산 검색 | F2: 확인 방법: 광주시 대표 음식·음식 거리 지정, 공식 소개 자료 | G2: 확인 방법: 개관·개업 연도 (공식 소개, 인허가 자료) | H2: 확인 방법: 가맹사업 정보공개서 조회, 상호 검색 | I2: 확인 방법: 소상공인시장진흥공단 전통시장·상점가 자료 | J2: 확인 방법: 소상공인 상가(상권)정보 공공데이터 | K2: 확인 방법: 현장 확인 (사진) | L2: O/X를 정한 근거. 항목 이름과 함께 적기
B3: =IF(A3="","",IFERROR(INDEX(가게정보!$B$3:$B$122,MATCH(A3,가게정보!$A$3:$A$122,0)),"(id를 확인하세요)"))
B4: =IF(A4="","",IFERROR(INDEX(가게정보!$B$3:$B$122,MATCH(A4,가게정보!$A$3:$A$122,0)),"(id를 확인하세요)"))
B5: =IF(A5="","",IFERROR(INDEX(가게정보!$B$3:$B$122,MATCH(A5,가게정보!$A$3:$A$122,0)),"(id를 확인하세요)"))
B6: =IF(A6="","",IFERROR(INDEX(가게정보!$B$3:$B$122,MATCH(A6,가게정보!$A$3:$A$122,0)),"(id를 확인하세요)"))
B7: =IF(A7="","",IFERROR(INDEX(가게정보!$B$3:$B$122,MATCH(A7,가게정보!$A$3:$A$122,0)),"(id를 확인하세요)"))
B8: =IF(A8="","",IFERROR(INDEX(가게정보!$B$3:$B$122,MATCH(A8,가게정보!$A$3:$A$122,0)),"(id를 확인하세요)"))
B9: =IF(A9="","",IFERROR(INDEX(가게정보!$B$3:$B$122,MATCH(A9,가게정보!$A$3:$A$122,0)),"(id를 확인하세요)"))
B10: =IF(A10="","",IFERROR(INDEX(가게정보!$B$3:$B$122,MATCH(A10,가게정보!$A$3:$A$122,0)),"(id를 확인하세요)"))
B11: =IF(A11="","",IFERROR(INDEX(가게정보!$B$3:$B$122,MATCH(A11,가게정보!$A$3:$A$122,0)),"(id를 확인하세요)"))
B12: =IF(A12="","",IFERROR(INDEX(가게정보!$B$3:$B$122,MATCH(A12,가게정보!$A$3:$A$122,0)),"(id를 확인하세요)"))
B13: =IF(A13="","",IFERROR(INDEX(가게정보!$B$3:$B$122,MATCH(A13,가게정보!$A$3:$A$122,0)),"(id를 확인하세요)"))
B14: =IF(A14="","",IFERROR(INDEX(가게정보!$B$3:$B$122,MATCH(A14,가게정보!$A$3:$A$122,0)),"(id를 확인하세요)"))
... B302: =IF(A302="","",IFERROR(INDEX(가게정보!$B$3:$B$122,MATCH(A302,가게정보!$A$3:$A$122,0)),"(id를 확인하세요)"))

Sheet 작성 예시
A1: 예시입니다 (가상의 가게). 형식만 참고하세요. 이 시트의 내용은 데이터로 쓰이지 않습니다.
A2: id (수정 금지) | B2: ★가게 이름 | C2: ★유형 | D2: ★지역 | E2: ★도로명 주소 | F2: 위도 | G2: 경도 | H2: ★여는 시각 | I2: ★닫는 시각 | J2: 휴무 요일 | K2: ★머무는 시간(분) | L2: ★1인 예상 지출(원) | M2: 대표 메뉴·가격 [참고] | N2: 음식 종류 [참고] | O2: 식사 시간대 [참고] | P2: ★할 거리 | Q2: ★분위기 | R2: ★공간 | S2: 어울리는 시간 | T2: 어울리는 동행 | U2: 별칭 | V2: 한줄 소개 | W2: 조사자 | X2: 조사일 | Y2: 정보 출처 (링크·날짜) | Z2: 메모
A3: store_001 | B3: (예시) ○○ 국밥 | C3: 식당 | D3: 동구 동명동 | E3: 광주 동구 ○○로 12 (예시) | H3: 11:00 | I3: 21:00 | J3: 월 | K3: 50 | L3: 9000 | M3: 순대국밥 9,000 / 수육 25,000 | N3: 한식 | O3: 점심·저녁 모두 | P3: 식사 | Q3: 서민적, 활기찬 | R3: 실내 | S3: 오후, 저녁 | T3: 혼자, 친구, 가족 | U3: ○○국밥집 | V3: 2008년 개업. 대표 메뉴는 순대국밥. | W3: 홍길동 | X3: 2026-10-20 | Y3: 현장 확인(2026-10-20), 가게 인스타 소개글
A4: store_002 | B4: (예시) △△ 커피 | C4: 카페·디저트 | D4: 동구 동명동 | E4: 광주 동구 △△길 5 (예시) | H4: 10:00 | I4: 22:00 | K4: 70 | L4: 6500 | M4: 아메리카노 4,500 / 수제 케이크 6,500 | N4: 카페·디저트 | O4: 해당 없음 | P4: 카페·디저트, 사진, 휴식 | Q4: 감성적, 조용한 | R4: 실내 | S4: 오후, 저녁 | T4: 혼자, 친구, 연인 | V4: 한옥을 고쳐 만든 카페. 마당 좌석이 있음. | W4: 홍길동 | X4: 2026-10-20 | Y4: 현장 확인(2026-10-20)
A6: 체크리스트 시트 예시
A7: store_001 | B7: (예시) ○○ 국밥 | C7: 홍길동 | D7: X | E7: X | F7: O | G7: X | H7: O | I7: O | J7: O | K7: O | L7: 광주 대표 음식 국밥 소개 자료 링크(예시), 시장 구역 지도 캡처 파일명(예시), 좌석 사진 파일명(예시)

Sheet 목록
A1: 유형 | B1: 시스템 코드 | C1: 공간 | D1: O/X | E1: 음식 종류 [참고] | F1: 식사 시간대 [참고] | G1: 할 거리 (여러 개 가능) | H1: 분위기 (여러 개 가능) | I1: 어울리는 시간 (여러 개 가능) | J1: 어울리는 동행 (여러 개 가능)
A2: 식당 | B2: food | C2: 실내 | D2: O | E2: 한식 | F2: 점심 | G2: 사진 | H2: 조용한 | I2: 오전 | J2: 혼자
A3: 카페·디저트 | B3: cafe | C3: 실외 | D3: X | E3: 중식 | F3: 저녁 | G3: 산책 | H3: 활기찬 | I3: 오후 | J3: 친구
A4: 전통시장 | B4: market | C4: 실내외 | E4: 일식 | F4: 점심·저녁 모두 | G4: 전시 관람 | H4: 레트로 | I4: 저녁 | J4: 연인
A5: 상점가 | B5: shop | E5: 양식 | F5: 해당 없음 | G5: 공연·영화 | H5: 현대적 | I5: 밤 | J5: 가족
A6: 명소·산책 | B6: sight | E6: 분식 | G6: 역사 탐방 | H6: 전통적 | J6: 아이 동반
A7: 문화·전시 | B7: culture | E7: 카페·디저트 | G7: 건축 구경 | H7: 예술적
A8: 야간 콘텐츠 | B8: night | E8: 주점 | G8: 식사 | H8: 감성적
E9: 기타 | G9: 길거리 음식 | H9: 자연 속
G10: 카페·디저트 | H10: 서민적
G11: 술
G12: 쇼핑
G13: 시장 구경
G14: 공방 체험
G15: 야경
G16: 휴식
A18: 할 거리·분위기·시간·동행은 data/tags.json 과 같은 값입니다. 목록에 없는 말은 쓰지 마세요.
