Workbook

Sheet 가이드
A1: Route-Fit 가게 조사 양식
A2: 가게 한 곳 = 가게정보 시트의 한 줄입니다. 네이버 지도 등에서 확인한 값을 적고, 확인 못 한 값은 비워 두세요(추측 금지).
A3: 1. 시트
A4: 가게정보 | B4: 한 줄 = 가게 1곳. 2행 안내는 지우지 마세요. id(A열)는 고치지 마세요.
A5: 체크리스트 | B5: 광주다움·상권 연계성·체류 유도성의 수동 항목 8개를 O/X 로 체크. 가게마다 팀원 2명 이상이 서로 보지 않고 각자 한 줄씩.
A6: 목록 | B6: 드롭다운과 태그 값 목록. 할 거리·분위기·시간·동행은 이 값만 쉼표로 적습니다.
A7: 2. 칸 색
A8: 진한 초록 머리글 (★) | B8: 필수. 비우면 DB 에 넣을 수 없습니다.
A9: 회청색 머리글 | B9: 선택. 아는 만큼만.
A10: 연한 파랑 머리글 [참고] | B10: 브레이크타임·라스트 오더·메뉴·편의·링크·확인 날짜 등. 지금 DB 에는 저장하지 않지만 확인용으로 남겨 둡니다.
A11: 3. 작성 규칙
A12: 영업시간 | B12: 11:30-22:00 처럼 24시간제. 자정을 넘기면 25:00(새벽 1시). 24시간 영업은 00:00-24:00. 요일마다 다르면 가장 흔한 시간을 적고 메모에 예외를 남기세요.
A13: 휴무 요일 | B13: 월, 화, 수, 목, 금, 토, 일 중 쉼표로. 연중무휴면 비움. '재료 소진 시 조기 마감' 같은 예외는 휴무 예외에.
A14: 1인 예상 지출 | B14: 메뉴 1개 + 음료 기준 대략의 값(원). 무료는 0.
A15: 할 거리 · 공간 | B15: 필수입니다. 목록 시트의 값만 씁니다(식당이면 보통 '식사', 공간은 실내/실외/실내외 중 하나).
A16: 분위기 | B16: 목록 시트의 10개 중에서 2~3개를 고르세요. 많이 고를수록 모든 가게가 비슷해져 취향 매칭이 흐려집니다. 분위기 설명은 목록 시트에 있습니다.
A17: 한줄 소개 | B17: 확인된 사실만(대표 메뉴, 개업 연도 등). 홍보 문구·추측 금지.
A18: 주소·좌표 | B18: 도로명 주소만 적어도 됩니다. 위도·경도는 비워 두고 가져올 때 --geocode(카카오 키 필요)나 장소 관리 화면의 지도 클릭으로 넣습니다.
A19: 4. 체크리스트
A20: O / X | B20: '맞다/아니다'를 사실로 확인합니다. 확인 방법은 체크리스트 시트 2행에 있습니다. 근거(링크·사진 파일명)를 적어 주세요.
A21: 자동 항목 | B21: 머무는 시간 60분 이상, 지출 0원 초과, 할 거리 2개 이상, 19시 이후 운영은 시스템이 계산하므로 적지 않습니다.
A22: 프랜차이즈 | B22: '프랜차이즈나 대기업 직영이 아니다'는 프랜차이즈가 아니면 O 입니다.
A23: 5. DB 에 넣기
A24: 검사 | B24: python -m routefit.xlsx_import 파일.xlsx --dry-run (틀린 줄은 몇 행 어느 칸인지 알려 줍니다)
A25: 넣기 | B25: python -m routefit.xlsx_import 파일.xlsx (예시 데이터를 지우고 이 파일로 바꾸려면 --replace)

Sheet 가게정보
A1: id (수정 금지) | B1: ★가게 이름 | C1: ★유형 | D1: ★지역 | E1: ★도로명 주소 | F1: 위도 | G1: 경도 | H1: ★영업시간 | I1: 브레이크타임 [참고] | J1: 라스트 오더 [참고] | K1: 휴무 요일 | L1: 휴무 예외 [참고] | M1: ★머무는 시간(분) | N1: ★1인 예상 지출(원) | O1: 음식 종류 [참고] | P1: 대표 메뉴·가격 [참고] | Q1: 편의·특징 [참고] | R1: ★할 거리 | S1: ★분위기 | T1: ★공간 | U1: 어울리는 시간 | V1: 어울리는 동행 | W1: 별칭 | X1: 한줄 소개 | Y1: 네이버 링크 | Z1: 확인한 날짜 | AA1: 조사자 | AB1: 메모
A2: 자동 번호 | B2: 간판 이름 그대로 | C2: 목록에서 고르기 | D2: 예: 동구 동명동 | E2: 정확히. 좌표는 아래 위도·경도 또는 카카오 주소 검색으로 | F2: 몰라도 됨 | G2: 몰라도 됨 | H2: 예: 11:30-22:00 / 자정 넘기면 25:00 / 24시간은 00:00-24:00 | I2: 예: 15:00-17:00 | J2: 예: 20:30 / 14:30, 20:00 | K2: 월, 화 (연중무휴면 비움) | L2: 예: 재료 소진 시 조기 마감 | M2: 보통 머무는 시간 예: 60 | N2: 메뉴 1개+음료 기준. 무료는 0 | O2: 식당·카페만 | P2: 예: 순대국밥 9,000 / 수육 25,000 | Q2: 예: 주차 가능, 예약 가능 | R2: 목록 값을 쉼표로 예: 식사, 사진 | S2: 목록 값을 쉼표로 (2~3개 권장) | T2: 하나만 고르기 | U2: 쉼표로. 예: 저녁, 밤 | V2: 쉼표로. 예: 친구, 연인 | W2: 손님들이 부르는 다른 이름 (쉼표) | X2: 확인된 사실만. 홍보 문구·추측 금지 | Y2: https://map.naver.com/p/entry/place/… | Z2: 예: 2026-10-21 | AA2: 이름
A3: s_001 | B3: 왕산식당 동명점 | C3: 식당 | D3: 동구 동명동 | E3: 전남광주 동구 동명로14번길 6-1 | H3: 11:30-22:00 | I3: 15:00-17:00 | J3: 20:30 | L3: 재료 소진 시 조기 마감 | O3: 중식 | P3: 수란 간짜장 11,000 / 소고기짬뽕 12,000 / 비빔탄탄면 13,000 / 동파육덮밥 17,000 | Q3: 주차 가능, 예약 가능, 단체 가능 | S3: 레트로한, 이국적인, 캐주얼한 | X3: 수란간짜장·소고기짬뽕·동파육덮밥 등을 파는 중식당 | Y3: https://map.naver.com/p/entry/place/1814060946 | Z3: 2026-10-21
A4: s_002 | B4: 몬자야 | C4: 식당 | D4: 동구 동명동 | E4: 전남광주 동구 동계천로 147 1층 | H4: 11:30-22:00 | I4: 15:00-17:00 | J4: 21:00 | O4: 일식 | P4: 명란 시그니처 몬자야끼 19,500 / 갑오징어 먹물 몬자야끼 19,500 / 카이센 몬자야끼 19,500 / 몬지야 오코노미야끼 15,000 | Q4: 주차 가능, 예약 가능 | S4: 이국적인, 캐주얼한 | X4: 몬자야끼와 오코노미야끼를 파는 일식당 | Y4: https://map.naver.com/p/entry/place/2058963596 | Z4: 2026-10-21 | AB4: 메뉴의 '몬지야 오코노미야끼'는 '몬자야' 오타로 보임. 확인
A5: s_003 | B5: 틸트틸트 동명 | C5: 식당 | D5: 동구 동명동 | E5: 전남광주 동구 동계로15번길 22 1층 틸트틸트 | H5: 11:30-21:00 | I5: 15:30-17:00 | J5: 20:20 | L5: 토요일은 주방 전체마감으로 20:00 라스트 오더 | O5: 양식 | P5: 우니&단새우 파스타 22,000 / 쉬림프 로제 스파게티 17,000 / 안키모&단새우 파스타 21,000 / 하프앤하프피자 22,000 | Q5: 주차 불가, 예약 가능, 단체 가능 | S5: 캐주얼한, 고급스러운, 현대적인 | Y5: https://map.naver.com/p/entry/place/1548885358 | Z5: 2026-10-21 | AB5: 주소 끝에 가게 이름이 붙어 있음(지도 검색 전에 지울 것)
A6: s_004 | B6: 재주당 동명점 | C6: 식당 | D6: 동구 동명동 | E6: 전남광주 동구 장동로43번길 11 1층 재주당 | H6: 11:00-21:00 | I6: 14:50-17:00 | J6: 20:30 | K6: 화 | O6: 한식 | P6: 고기국수 9,500 / 제주국수 12,000 / 감태주먹밥 2,500 | Q6: 주차 가능, 예약 가능, 단체 가능, 포장가능 | S6: 정겨운, 전통적인, 아늑한 | Y6: https://map.naver.com/p/entry/place/1104781452 | Z6: 2026-10-21 | AB6: 주소 끝에 가게 이름이 붙어 있음
A7: s_005 | B7: 송경솥밥 동명점 | C7: 식당 | D7: 동구 동명동 | E7: 전남광주 동구 동명로14번길 19-8 2층 송경솥밥 | H7: 11:00-21:00 | L7: 재료 소진 시 조기 마감 | O7: 한식 | P7: 트러플 차돌버섯솥밥 14,000 / 냉이 돼지스테이크 솥밥 16,000 / 차슈솥밥 17,000 / 연어솥밥 18,000 | Q7: 주차 불가, 단체 가능 | S7: 조용한, 캐주얼한, 정겨운, 레트로한, 전통적인 | Y7: https://map.naver.com/p/entry/place/1871419445 | Z7: 2026-10-21 | AB7: 원본에서 영업시간 칸이 비어 있고 브레이크타임 칸에 '11:00 - 21:00' 이 적혀 있어 영업시간으로 옮김. 브레이크타임 여부 확인. 분위기 5개(2~3개 권장). 주소 끝에 가게 이름이 붙어 있음
A8: s_006 | B8: 목하식당 | C8: 식당 | D8: 동구 동명동 | E8: 전남광주 동구 동명로25번길 6 1층 목하식당 | H8: 11:30-21:00 | I8: 15:00-17:00 | J8: 14:30 / 20:00 | O8: 일식 | P8: 오리지널 오믈렛 12,000 / 회오리 오믈렛 11,000 / 가츠산도 2P 7,900 / 투움바 파스타 16,000 | Q8: 주차 불가 | S8: 캐주얼한, 아늑한, 레트로한, 현대적인 | Y8: https://map.naver.com/p/entry/place/1969195325 | Z8: 2026-10-21 | AB8: 주소 끝에 가게 이름이 붙어 있음
A9: s_007 | B9: 동국 | C9: 식당 | D9: 동구 동명동 | E9: 전남광주 동구 동명로 52 1층 101호 | H9: 11:30-20:30 | I9: 15:30-17:00 | J9: 15:00 / 20:00 | K9: 월 | L9: 재료 소진 시 조기 마감 | O9: 한식 | P9: 맑은거 11,000 / 허연거 11,000 / 뻘건거 11,000 | Q9: 주차 가능, 예약 가능, 단체 가능 | S9: 캐주얼한, 정겨운, 레트로한, 전통적인, 현대적인 | Y9: https://map.naver.com/p/entry/place/1338075125 | Z9: 2026-10-21 | AB9: 원본에서 링크와 확인한 날짜가 한 줄에 붙어 있어 나눔. 분위기 5개(2~3개 권장)
A10: s_008 | B10: 올데이우동 동명점 | C10: 식당 | D10: 동구 동명동 | E10: 전남광주 동구 동계천로 151-31 1층 | H10: 11:30-20:30 | J10: 20:00 | L10: 재료 소진 시 조기 마감 | O10: 일식 | P10: 붓가케 우동 9,000 / 까르보나라 우동 15,000 / 갓비빔우동 13,000 / 히모카와 우동 13,000 | Q10: 주차 가능 | S10: 레트로한, 이국적인, 캐주얼한 | Z10: 2026-10-21 | AB10: 네이버 링크 비어 있음. 이름은 다른 곳에서 '올데이우동 동명점'
A11: s_009 | B11: 규슈 동명본점 | C11: 식당 | D11: 동구 동명동 | E11: 전남광주 동구 동명로 47-3 | H11: 11:00-21:00 | O11: 샤브샤브 | P11: 샤브2인세트(호주산)(260g) 29,800 / 샤브2인세트(국내산)(260g) | Q11: 주차 가능, 예약 가능, 단체 가능 | S11: 자연적인, 현대적인, 캐주얼한
A12: s_010 | B12: 백식 | C12: 식당 | D12: 동구 동명동 | E12: 전남광주 동구 동명로20번길 17-6 1층, 2층 | H12: 10:50-21:00 | J12: 20:00 | O12: 일식 | P12: 백식 사시미 정식( | Q12: 주차 가능(무료), 예약 가능, 단체 이용 가능, 유아의자, 무선 인터넷, 무한 리필, 테이크아웃 할인, 콜키지 가능, 남/녀 화장실 구분. 인근 대체 주차장: 국립아시아문화전당 부설주차장(350m) | X12: 사시미 정식·후토마키 정식·장어 덮밥 정식 등을 파는 일식당 | Y12: https://map.naver.com/p/entry/place/2029466762 | Z12: 2026-10-21 | AB12: 붙여 넣은 네이버 홈 화면에는 영업시간이 접혀 있어 '10:50 영업 시작'만 확인됨. 영업시간 칸(10:50-21:00)은 팀이 입력한 값이라 닫는 시각·브레이크·휴무는 네이버 정보 탭에서 확인 필요
A13: s_011 | B13: 산수쌈밥 동명점 | C13: 식당 | D13: 동구 동명동 | E13: 전남광주 동구 동계로 11 산수쌈밥 동명점 | H13: 10:30-20:00 | J13: 19:30 | K13: 일 | O13: 한식(쌈밥) | P13: 우렁이 쌈밥 정식(2인 이상) 10,000 / 혼밥정식(13:00 이후 가능) 12,000 / 수육추가 소 10,000 / 수육추가 대 25,000 | Q13: 예약, 단체 이용 가능, 무선 인터넷, 남/녀 화장실 구분, 포장 | X13: 우렁이 쌈밥 정식과 수육을 파는 쌈밥집 | Y13: https://map.naver.com/p/entry/place/1491922305 | Z13: 2026-10-21 | AB13: 네이버 메뉴 11개 중 4개만 붙여 넣음. 주소 끝에 가게 이름이 붙어 있음. 일요일 정기휴무(매주)
A14: s_012 | B14: 중정 | C14: 식당 | D14: 동구 동명동 | E14: 전남광주 동구 동명로 59 1층 중정 | H14: 11:00-21:00 | I14: 15:00-17:00 | J14: 20:30 | O14: 한식(덮밥) | P14: 장어덮밥 한마리 27,000 / 이베리코 덮밥 16,000 / 연어 덮밥 15,000 | Q14: 예약, 남/녀 화장실 구분, 무선 인터넷, 포장, 배달, 유아의자, 단체 이용 가능. 농림축산식품부 안심식당 | X14: 장어덮밥·이베리코 덮밥·연어 덮밥 등을 파는 한식당 | Y14: https://map.naver.com/p/entry/place/1050787276 | Z14: 2026-10-21 | AB14: 네이버 메뉴 15개 중 대표 3개만 붙여 넣음. 주소 끝에 가게 이름이 붙어 있음
A15: s_013 | B15: 하치스시 동명점 | C15: 식당 | D15: 동구 동명동 | E15: 전남광주 동구 동명로 35 1층 | H15: 11:30-21:00 | I15: 15:00-17:30 | J15: 14:30, 20:30 | K15: 화 | O15: 일식(초밥, 롤) | P15: 스시마츠(特)13p 30,000 / 하치욕심스시(1일 한정 3개 판매) 35,000 / 스시타케(上)12p 25,000 | Q15: 포장, 예약, 유아의자, 간편결제. 현장대기(테이블링) | X15: 스시마츠·스시타케 등 초밥을 파는 일식당 | Y15: https://map.naver.com/p/entry/place/2081858536 | Z15: 2026-10-21 | AB15: 네이버 메뉴 16개 중 대표 3개만 붙여 넣음. 정기휴무 매주 화요일
A16: s_014 | B16: 카에돈 | C16: 식당 | D16: 동구 동명동 | E16: 전남광주 동구 동계천로 143-26 101호 | H16: 11:30-21:00 | I16: 15:00-17:00 | J16: 20:00 | K16: 월 | L16: 격주 화요일 휴무(10/27 휴무 표시) | O16: 일식(카츠) | P16: 규카츠 18,000 / 상로스카츠 16,000 / 모듬카츠 17,000 | Q16: 단체 이용 가능, 예약, 무선 인터넷, 남/녀 화장실 구분, 유아의자, 간편결제 | X16: 규카츠·모듬카츠·히레카츠 등을 파는 일식 카츠집 | Y16: https://map.naver.com/p/entry/place/1195548866 | Z16: 2026-10-21 | AB16: 네이버 메뉴 14개 중 대표 3개만 붙여 넣음. 정기휴무 매주 월요일. 네이버 플레이스 플러스: 1회 결제 평균 3만원대(1인 기준 아님)
A17: s_015 | B17: 정희 동명점 | C17: 식당 | D17: 동구 동명동 | E17: 전남광주 동구 동명로20번길 20 1층 | H17: 11:30-21:00 | I17: 15:00-17:00 (평일). 주말·공휴일은 브레이크타임 없음 | J17: 20:30 | O17: 한식 | P17: 고사리 탄탄면(신메뉴) 11,900 / 바삭 닭전(신메뉴) 19,900 / 정희한상 플래터 39,900 / 고사리크림수제비 14,900 | Q17: 무선 인터넷, 간편결제. 예약·웨이팅은 캐치테이블. 리뷰에 테라스석(베란다) 언급 | X17: 고사리크림수제비·탄탄면·정희한상 플래터 등을 파는 한식당 | Y17: https://map.naver.com/p/entry/place/1319354659 | Z17: 2026-10-21 | AB17: 네이버 메뉴 17개 중 4개만 붙여 넣음. 분위기·공간은 붙여 넣은 글에 근거(운영자 설명)가 없어 비움(리뷰에 아늑·데이트·테라스 언급 있음)
A18: s_016
A19: s_017
A20: s_018
A21: s_019
A22: s_020
A23: s_021
A24: s_022
A25: s_023
A26: s_024
A27: s_025
A28: s_026
A29: s_027
... A202: s_200

Sheet 체크리스트
A1: 가게 id | B1: 가게 이름 | C1: ★채점자 | D1: [광주다움] 5·18 등 광주 근현대사 사건의 현장이다 | E1: [광주다움] 지정·등록 문화유산이거나 근대건축물이다 | F1: [광주다움] 광주 고유의 음식·예술·인물과 직접 관련된다 | G1: [광주다움] 같은 자리에서 30년 이상 운영했다 | H1: [상권 연계성] 프랜차이즈나 대기업 직영이 아니다 (공공시설은 체크) | I1: [상권 연계성] 전통시장·상점가·골목상권 구역 안에 있다 | J1: [상권 연계성] 반경 300m 안에 소상공인 점포가 많다 (기준 점포 수는 데이터 수집 후 확정) | K1: [체류 유도성] 앉아서 쉴 수 있는 자리(좌석·벤치)가 있다 | L1: 근거 (링크·사진 파일명·메모)
A2: 가게정보의 id 고르기 | B2: 자동 | C2: 본인 이름 | D2: 확인 방법: 5·18 사적지 목록 등 공식 지정 여부 | E2: 확인 방법: 국가유산청 문화유산 검색 | F2: 확인 방법: 광주시 대표 음식·음식 거리 지정, 공식 소개 자료 | G2: 확인 방법: 개관·개업 연도 (공식 소개, 인허가 자료) | H2: 확인 방법: 가맹사업 정보공개서 조회, 상호 검색 | I2: 확인 방법: 소상공인시장진흥공단 전통시장·상점가 자료 | J2: 확인 방법: 소상공인 상가(상권)정보 공공데이터 | K2: 확인 방법: 현장 확인 (사진) | L2: O/X를 정한 근거. 항목 이름과 함께 적기
B3: =IF(A3="","",IFERROR(INDEX(가게정보!$B$3:$B$202,MATCH(A3,가게정보!$A$3:$A$202,0)),"(id를 확인하세요)"))
B4: =IF(A4="","",IFERROR(INDEX(가게정보!$B$3:$B$202,MATCH(A4,가게정보!$A$3:$A$202,0)),"(id를 확인하세요)"))
B5: =IF(A5="","",IFERROR(INDEX(가게정보!$B$3:$B$202,MATCH(A5,가게정보!$A$3:$A$202,0)),"(id를 확인하세요)"))
B6: =IF(A6="","",IFERROR(INDEX(가게정보!$B$3:$B$202,MATCH(A6,가게정보!$A$3:$A$202,0)),"(id를 확인하세요)"))
B7: =IF(A7="","",IFERROR(INDEX(가게정보!$B$3:$B$202,MATCH(A7,가게정보!$A$3:$A$202,0)),"(id를 확인하세요)"))
B8: =IF(A8="","",IFERROR(INDEX(가게정보!$B$3:$B$202,MATCH(A8,가게정보!$A$3:$A$202,0)),"(id를 확인하세요)"))
B9: =IF(A9="","",IFERROR(INDEX(가게정보!$B$3:$B$202,MATCH(A9,가게정보!$A$3:$A$202,0)),"(id를 확인하세요)"))
B10: =IF(A10="","",IFERROR(INDEX(가게정보!$B$3:$B$202,MATCH(A10,가게정보!$A$3:$A$202,0)),"(id를 확인하세요)"))
B11: =IF(A11="","",IFERROR(INDEX(가게정보!$B$3:$B$202,MATCH(A11,가게정보!$A$3:$A$202,0)),"(id를 확인하세요)"))
B12: =IF(A12="","",IFERROR(INDEX(가게정보!$B$3:$B$202,MATCH(A12,가게정보!$A$3:$A$202,0)),"(id를 확인하세요)"))
B13: =IF(A13="","",IFERROR(INDEX(가게정보!$B$3:$B$202,MATCH(A13,가게정보!$A$3:$A$202,0)),"(id를 확인하세요)"))
B14: =IF(A14="","",IFERROR(INDEX(가게정보!$B$3:$B$202,MATCH(A14,가게정보!$A$3:$A$202,0)),"(id를 확인하세요)"))
... B302: =IF(A302="","",IFERROR(INDEX(가게정보!$B$3:$B$202,MATCH(A302,가게정보!$A$3:$A$202,0)),"(id를 확인하세요)"))

Sheet 목록
A1: 유형 | B1: 공간 | C1: O/X | D1: 할 거리 (여러 개 가능) | E1: 분위기 (여러 개 가능) | F1: 분위기 설명 | G1: 어울리는 시간 (여러 개 가능) | H1: 어울리는 동행 (여러 개 가능)
A2: 식당 | B2: 실내 | C2: O | D2: 사진 | E2: 조용한 | F2: 차분하고 소음이 적은 분위기 | G2: 오전 | H2: 혼자
A3: 카페·디저트 | B3: 실외 | C3: X | D3: 산책 | E3: 활기찬 | F3: 사람들의 대화와 에너지가 느껴지는 분위기 | G3: 오후 | H3: 친구
A4: 전통시장 | B4: 실내외 | D4: 전시 관람 | E4: 캐주얼한 | F4: 격식 없이 편하게 이용할 수 있는 분위기 | G4: 저녁 | H4: 연인
A5: 상점가 | D5: 공연·영화 | E5: 정겨운 | F5: 친근하고 소박한 분위기 | G5: 밤 | H5: 가족
A6: 명소·산책 | D6: 역사 탐방 | E6: 아늑한 | F6: 포근하고 편안한 분위기 | H6: 아이 동반
A7: 문화·전시 | D7: 건축 구경 | E7: 고급스러운 | F7: 세련되고 격식 있는 분위기
A8: 야간 콘텐츠 | D8: 식사 | E8: 레트로한 | F8: 복고풍의 분위기
D9: 길거리 음식 | E9: 현대적인 | F9: 현대적이고 세련된 디자인의 분위기
D10: 카페·디저트 | E10: 전통적인 | F10: 전통문화와 고풍스러운 멋이 느껴지는 분위기
D11: 술 | E11: 이국적인 | F11: 다른 나라의 문화나 공간 특색이 느껴지는 분위기
D12: 쇼핑
D13: 시장 구경
D14: 공방 체험
D15: 야경
D16: 휴식
